Company_ID,Date,Sponsor,Govt,Institute,Foreign,Public
DSE-1-7405,"Jun 30, 2022",33.04,0.00,28.73,0.00,38.23
DSE-1-7405,"Apr 30, 2023",33.04,0.00,20.15,0.00,46.81
DSE-1-7405,"May 31, 2023",33.04,0.00,21.69,0.00,45.27
DSE-2-4133,"Jun 30, 2022",30.01,0.00,27.96,0.00,42.03
DSE-2-4133,"Apr 30, 2023",30.01,0.00,35.34,0.00,34.65
DSE-2-4133,"May 31, 2023",30.01,0.00,33.25,0.00,36.74
DSE-3-1053,"Jun 30, 2022",15.51,0.00,21.56,0.00,62.93
DSE-3-1053,"Apr 30, 2023",15.51,0.00,14.40,0.00,70.09
DSE-3-1053,"May 31, 2023",15.51,0.00,14.52,0.00,69.97
DSE-4-2993,"Dec 31, 2021",31.67,0.57,23.49,0.88,43.39
DSE-4-2993,"Apr 30, 2023",31.67,0.57,22.83,0.79,44.14
DSE-4-2993,"May 31, 2023",31.67,0.57,22.82,0.79,44.15
DSE-5-5107,"Jun 30, 2022",65.06,0.00,10.66,0.11,24.17
DSE-5-5107,"Apr 30, 2023",49.58,0.00,14.25,0.10,36.07
DSE-5-5107,"May 31, 2023",49.58,0.00,14.25,0.10,36.07
DSE-6-8109,"Jun 30, 2022",35.28,0.00,40.75,0.00,23.97
DSE-6-8109,"Apr 30, 2023",36.07,0.00,41.07,0.00,22.86
DSE-6-8109,"May 31, 2023",36.07,0.00,41.07,0.00,22.86
DSE-7-1332,"Jun 30, 2022",66.02,0.00,17.96,0.00,16.02
DSE-7-1332,"Apr 30, 2023",66.02,0.00,20.61,0.00,13.37
DSE-7-1332,"May 31, 2023",66.02,0.00,19.94,0.00,14.04
DSE-8-2106,"Jun 30, 2022",39.83,0.00,31.05,0.13,28.99
DSE-8-2106,"Apr 30, 2023",39.88,0.00,30.32,0.14,29.66
DSE-8-2106,"May 31, 2023",39.88,0.00,30.04,0.14,29.94
DSE-9-6837,"Jun 30, 2022",31.80,0.00,27.23,0.01,40.96
DSE-9-6837,"Apr 30, 2023",31.80,0.00,25.25,0.00,42.95
DSE-9-6837,"May 31, 2023",31.80,0.00,25.25,0.00,42.95
DSE-10-6165,"Jun 30, 2022",12.04,0.00,25.13,3.11,59.72
DSE-10-6165,"Apr 30, 2023",12.04,0.00,21.84,0.27,65.85
DSE-10-6165,"May 31, 2023",12.04,0.00,21.84,0.27,65.85
DSE-11-9762,"Jun 30, 2022",51.56,0.00,16.57,1.99,29.88
DSE-11-9762,"Apr 30, 2023",44.91,0.00,16.71,1.99,36.39
DSE-11-9762,"May 31, 2023",44.91,0.00,18.74,1.99,34.36
DSE-12-5795,"Jun 30, 2022",30.02,0.00,23.55,0.00,46.43
DSE-12-5795,"Apr 30, 2023",30.02,0.00,18.71,0.00,51.27
DSE-12-5795,"May 31, 2023",30.02,0.00,25.60,0.00,44.38
DSE-13-4612,"Jun 30, 2022",30.29,0.00,36.51,0.00,33.20
DSE-13-4612,"Apr 30, 2023",27.84,0.00,35.96,0.00,36.20
DSE-13-4612,"May 31, 2023",27.84,0.00,35.96,0.00,36.20
DSE-14-5981,"Jun 30, 2022",30.00,0.00,36.73,0.00,33.27
DSE-14-5981,"Apr 30, 2023",29.32,0.00,36.58,0.00,34.10
DSE-14-5981,"May 31, 2023",29.32,0.00,37.26,0.00,33.42
DSE-15-5089,"Jun 30, 2022",32.76,0.00,10.91,0.00,56.33
DSE-15-5089,"Apr 30, 2023",32.76,0.00,10.06,0.00,57.18
DSE-15-5089,"May 31, 2023",32.76,0.00,7.73,0.00,59.51
DSE-16-3269,"Dec 31, 2021",30.15,0.00,14.12,0.00,55.73
DSE-16-3269,"Apr 30, 2023",30.15,0.00,16.02,0.00,53.83
DSE-16-3269,"May 31, 2023",30.15,0.00,17.47,0.00,52.38
DSE-17-1872,"Mar 31, 2022",10.00,0.00,52.60,0.00,37.40
DSE-17-1872,"Apr 30, 2023",10.00,0.00,53.25,0.00,36.75
DSE-17-1872,"May 31, 2023",10.00,0.00,53.32,0.00,36.68
DSE-18-4798,"Dec 31, 2020",0.00,0.00,0.00,0.00,0.00
DSE-19-2868,"Jun 30, 2022",33.35,0.00,11.22,0.00,55.43
DSE-19-2868,"Apr 30, 2023",33.35,0.00,14.61,0.00,52.04
DSE-19-2868,"May 31, 2023",33.35,0.00,25.09,0.00,41.56
DSE-20-2913,"Jun 30, 2022",25.63,0.01,19.96,0.00,54.40
DSE-20-2913,"Apr 30, 2023",25.63,0.01,16.46,0.00,57.90
DSE-20-2913,"May 31, 2023",25.63,0.01,16.67,0.00,57.69
DSE-21-4943,"Dec 31, 2021",41.87,0.00,29.35,0.52,28.26
DSE-21-4943,"Apr 30, 2023",42.37,0.00,30.38,0.45,26.80
DSE-21-4943,"May 31, 2023",45.46,0.00,27.42,0.45,26.67
DSE-22-1097,"Jun 30, 2022",30.46,0.00,7.80,0.00,61.74
DSE-22-1097,"Apr 30, 2023",30.46,0.00,4.14,0.00,65.40
DSE-22-1097,"May 31, 2023",30.46,0.00,4.47,0.00,65.07
DSE-23-5441,"Jun 30, 2022",40.74,0.00,11.64,0.00,47.62
DSE-23-5441,"Apr 30, 2023",40.74,0.00,6.43,0.00,52.83
DSE-23-5441,"May 31, 2023",40.74,0.00,6.44,0.00,52.82
DSE-24-8221,"Jun 30, 2022",63.26,0.00,10.33,0.05,26.36
DSE-24-8221,"Apr 30, 2023",63.26,0.00,7.87,0.05,28.82
DSE-24-8221,"May 31, 2023",63.26,0.00,10.26,0.05,26.43
DSE-25-2094,"Jun 30, 2022",75.25,0.00,9.63,0.00,13.12
DSE-25-2094,"Mar 31, 2023",77.25,0.00,5.70,0.00,17.05
DSE-25-2094,"Apr 30, 2023",77.25,0.00,6.70,0.00,16.05
DSE-26-7771,"Jun 30, 2022",40.15,0.00,16.24,0.00,43.61
DSE-26-7771,"Apr 30, 2023",40.15,0.00,16.23,0.00,43.62
DSE-26-7771,"May 31, 2023",40.15,0.00,16.26,0.00,43.59
DSE-27-6954,"Jun 30, 2022",44.43,0.00,5.02,0.00,50.55
DSE-27-6954,"Apr 30, 2023",44.43,0.00,5.50,0.00,50.07
DSE-27-6954,"May 31, 2023",44.43,0.00,4.74,0.00,50.83
DSE-28-6578,"Jun 30, 2022",35.32,0.00,22.55,0.00,42.13
DSE-28-6578,"Apr 30, 2023",35.32,0.00,27.72,0.00,36.96
DSE-28-6578,"May 31, 2023",35.32,0.00,21.16,0.00,43.52
DSE-29-5439,"Jun 30, 2022",30.65,0.00,23.96,0.13,45.26
DSE-29-5439,"Apr 30, 2023",30.65,0.00,24.08,0.43,44.84
DSE-29-5439,"May 31, 2023",30.65,0.00,23.00,0.43,45.92
DSE-30-8175,"Jun 30, 2022",36.06,0.00,4.26,0.00,59.68
DSE-30-8175,"Apr 30, 2023",53.39,0.00,15.72,0.00,30.89
DSE-30-8175,"May 31, 2023",53.39,0.00,8.97,0.00,37.64
DSE-31-1013,"Jun 30, 2022",31.75,0.00,24.26,0.00,43.99
DSE-31-1013,"Apr 30, 2023",30.86,0.00,15.44,0.00,53.70
DSE-31-1013,"May 31, 2023",30.86,0.00,16.34,0.00,52.80
DSE-32-1149,"Jun 30, 2022",52.98,0.00,13.14,0.25,33.63
DSE-32-1149,"Apr 30, 2023",52.98,0.00,14.88,0.25,31.89
DSE-32-1149,"May 31, 2023",52.98,0.00,13.41,0.25,33.36
DSE-33-4656,"Jun 30, 2022",30.40,0.00,30.00,0.00,39.60
DSE-33-4656,"Apr 30, 2023",30.40,0.00,34.52,0.00,35.08
DSE-33-4656,"May 31, 2023",30.40,0.00,37.72,0.00,31.88
DSE-34-6034,"Jun 30, 2018",21.19,0.00,23.60,0.69,54.52
DSE-34-6034,"Jul 31, 2021",20.24,0.00,21.93,0.50,57.33
DSE-34-6034,"Sep 30, 2021",20.24,0.00,20.53,0.42,58.81
DSE-35-4578,"Jun 30, 2019",0.00,0.00,0.00,0.00,0.00
DSE-36-3978,"Jun 30, 2022",45.92,0.00,10.45,0.00,43.63
DSE-36-3978,"Apr 30, 2023",63.58,0.00,11.90,0.00,24.52
DSE-36-3978,"May 31, 2023",63.58,0.00,11.74,0.00,24.68
DSE-37-6858,"Jun 30, 2022",45.92,0.00,10.45,0.00,43.63
DSE-37-6858,"Apr 30, 2023",45.92,0.00,11.45,0.00,42.63
DSE-37-6858,"May 31, 2023",45.92,0.00,11.70,0.00,42.38
DSE-38-1209,"Jun 30, 2022",36.08,0.00,33.71,0.00,30.21
DSE-38-1209,"Apr 30, 2023",35.79,0.00,33.46,0.00,30.75
DSE-38-1209,"May 31, 2023",35.79,0.00,35.61,0.00,28.60
DSE-39-3861,"Dec 31, 2021",47.63,0.00,26.67,0.00,25.70
DSE-39-3861,"Apr 30, 2023",42.67,0.00,4.85,0.00,52.48
DSE-39-3861,"May 31, 2023",42.67,0.00,6.85,0.00,50.48
DSE-40-8417,"Dec 31, 2021",37.66,0.00,25.38,0.00,36.96
DSE-40-8417,"Apr 30, 2023",39.66,0.00,30.57,0.00,29.77
DSE-40-8417,"May 31, 2023",39.66,0.00,30.27,0.00,30.07
DSE-41-2343,"Jun 30, 2022",3.24,0.00,32.55,0.17,64.04
DSE-41-2343,"Apr 30, 2023",3.24,0.00,32.55,0.17,64.04
DSE-41-2343,"May 31, 2023",3.24,0.00,32.55,0.17,64.04
DSE-42-4529,"Jun 30, 2022",0.00,51.00,16.60,0.00,32.40
DSE-42-4529,"Apr 30, 2023",0.00,51.00,16.72,0.00,32.28
DSE-42-4529,"May 31, 2023",0.00,51.00,16.76,0.00,32.24
DSE-43-5833,"Jun 30, 2022",23.93,0.00,10.49,0.00,65.58
DSE-43-5833,"Apr 30, 2023",22.81,0.00,9.14,0.00,68.05
DSE-43-5833,"May 31, 2023",20.07,0.00,9.62,0.00,70.31
DSE-44-5480,"Jun 30, 2022",31.00,0.00,5.88,0.00,63.13
DSE-44-5480,"Mar 31, 2023",30.99,0.00,5.70,0.00,63.31
DSE-44-5480,"Apr 30, 2023",30.99,0.00,5.69,0.00,63.32
DSE-45-1624,"Dec 31, 2022",53.36,0.00,35.72,0.21,10.71
DSE-45-1624,"Apr 30, 2023",49.28,0.00,39.77,0.21,10.74
DSE-45-1624,"May 31, 2023",49.27,0.00,39.84,0.21,10.68
DSE-46-3990,"Jun 30, 2022",31.87,0.00,27.51,0.00,40.62
DSE-46-3990,"Apr 30, 2023",31.43,0.00,26.70,0.00,41.87
DSE-46-3990,"May 31, 2023",31.43,0.00,24.73,0.00,43.84
DSE-47-3454,"Dec 31, 2021",70.00,0.00,20.52,1.58,7.90
DSE-47-3454,"Apr 30, 2023",70.00,0.00,19.96,1.35,8.69
DSE-47-3454,"May 31, 2023",70.00,0.00,19.85,1.35,8.80
DSE-48-4516,"Dec 31, 2022",72.91,0.64,12.76,6.39,7.30
DSE-48-4516,"Apr 30, 2023",72.91,0.64,12.86,6.25,7.34
DSE-48-4516,"May 31, 2023",72.91,0.64,12.87,6.23,7.35
DSE-49-7355,"Dec 31, 2021",30.07,0.00,21.71,0.15,48.07
DSE-49-7355,"Apr 30, 2023",30.07,0.00,23.19,0.00,46.74
DSE-49-7355,"May 31, 2023",30.07,0.00,23.19,0.00,46.74
DSE-50-6835,"Jun 30, 2022",30.01,0.00,33.22,0.30,36.47
DSE-50-6835,"Apr 30, 2023",30.01,0.00,21.20,0.14,48.65
DSE-50-6835,"May 31, 2023",30.01,0.00,21.23,0.14,48.62
DSE-51-8039,"Jun 30, 2022",30.98,0.00,21.92,0.52,46.58
DSE-51-8039,"Apr 30, 2023",30.98,0.00,20.56,0.47,47.99
DSE-51-8039,"May 31, 2023",30.98,0.00,20.86,0.46,47.70
DSE-52-9643,"Jun 30, 2022",30.06,0.00,11.68,0.00,58.26
DSE-52-9643,"Apr 30, 2023",30.06,0.00,16.77,0.00,53.17
DSE-52-9643,"May 31, 2023",30.06,0.00,10.71,0.00,59.23
DSE-53-9906,"Jun 30, 2022",30.00,0.00,4.96,0.00,65.04
DSE-53-9906,"Apr 30, 2023",30.00,0.00,4.64,0.00,65.36
DSE-53-9906,"May 31, 2023",30.00,0.00,4.12,0.00,65.88
DSE-54-5696,"Dec 31, 2022",31.20,0.00,12.28,0.00,56.52
DSE-54-5696,"Apr 30, 2023",31.20,0.00,14.73,0.00,54.07
DSE-54-5696,"May 31, 2023",31.20,0.00,15.09,0.00,53.71
DSE-55-5753,"Jun 30, 2022",61.88,0.00,8.96,0.03,29.14
DSE-55-5753,"Apr 30, 2023",61.88,0.00,6.60,0.03,31.49
DSE-55-5753,"May 31, 2023",61.88,0.00,6.45,0.03,31.64
DSE-56-1518,"Jun 30, 2022",0.00,99.68,0.00,0.19,0.13
DSE-56-1518,"Apr 30, 2023",0.00,99.68,0.00,0.19,0.13
DSE-56-1518,"May 31, 2023",0.00,99.68,0.00,0.19,0.13
DSE-57-1296,"Jun 30, 2022",30.32,0.00,10.27,0.79,58.62
DSE-57-1296,"Apr 30, 2023",30.32,0.00,8.85,0.81,60.02
DSE-57-1296,"May 31, 2023",30.32,0.00,9.02,0.81,59.85
DSE-58-4971,"Jun 30, 2022",49.19,0.00,22.82,0.00,27.99
DSE-58-4971,"Apr 30, 2023",49.19,0.00,23.83,0.00,26.98
DSE-58-4971,"May 31, 2023",49.19,0.00,22.65,0.00,28.16
DSE-59-8477,"Jun 30, 2019",31.01,0.00,2.88,0.72,65.39
DSE-59-8477,"Apr 30, 2023",31.01,0.00,2.88,0.72,65.39
DSE-59-8477,"May 31, 2023",31.01,0.00,2.88,0.72,65.39
DSE-60-2838,"Jun 30, 2022",34.97,0.00,15.23,0.00,49.80
DSE-60-2838,"Apr 30, 2023",34.97,0.00,13.11,0.00,51.92
DSE-60-2838,"May 31, 2023",34.97,0.00,14.62,0.00,50.41
DSE-61-5853,"Jun 30, 2022",30.00,0.00,34.05,0.00,35.95
DSE-61-5853,"Apr 30, 2023",30.00,0.00,36.14,0.00,33.86
DSE-61-5853,"May 31, 2023",30.00,0.00,36.16,0.00,33.84
DSE-62-8601,"Jun 30, 2021",53.23,0.00,29.84,0.05,16.88
DSE-62-8601,"Apr 30, 2023",53.23,0.00,29.09,0.00,17.68
DSE-62-8601,"May 31, 2023",53.23,0.00,27.97,0.00,18.80
DSE-63-1213,"Mar 31, 2022",95.00,0.00,3.73,0.13,1.14
DSE-63-1213,"Mar 31, 2023",95.00,0.00,3.68,0.20,1.12
DSE-63-1213,"Apr 30, 2023",95.00,0.00,3.68,0.20,1.12
DSE-64-7435,"Dec 31, 2020",0.00,0.00,0.00,0.00,0.00
DSE-64-7435,"Mar 31, 2023",0.00,0.00,95.69,0.00,4.31
DSE-64-7435,"Apr 30, 2023",0.00,0.00,95.67,0.00,4.33
DSE-65-2283,"Jun 30, 2022",33.94,0.00,28.80,0.76,36.50
DSE-65-2283,"Apr 30, 2023",33.19,0.00,31.37,0.89,34.55
DSE-65-2283,"May 31, 2023",33.19,0.00,31.97,0.89,33.95
DSE-66-2733,"Dec 31, 2021",38.27,0.00,26.33,0.00,35.40
DSE-66-2733,"Apr 30, 2023",37.87,0.00,41.59,0.00,20.54
DSE-66-2733,"May 31, 2023",37.87,0.00,41.62,0.00,20.51
DSE-67-6056,"Dec 31, 2020",34.73,0.00,47.73,0.00,17.54
DSE-67-6056,"Apr 30, 2023",40.55,0.00,41.00,0.00,18.45
DSE-67-6056,"May 31, 2023",40.55,0.00,41.02,0.00,18.43
DSE-68-4040,"Dec 31, 2021",60.13,0.00,17.50,0.09,22.28
DSE-68-4040,"Apr 30, 2023",60.13,0.00,5.23,0.00,34.64
DSE-68-4040,"May 31, 2023",60.13,0.00,5.51,0.00,34.36
DSE-69-2875,"Jun 30, 2022",70.86,0.00,6.42,0.00,22.72
DSE-69-2875,"Apr 30, 2023",70.86,0.00,8.60,0.00,20.54
DSE-69-2875,"May 31, 2023",70.86,0.00,10.07,0.00,19.07
DSE-70-2708,"Jun 30, 2022",38.15,0.00,7.17,0.00,54.68
DSE-70-2708,"Apr 30, 2023",38.15,0.00,6.99,0.00,54.86
DSE-70-2708,"May 30, 2023",38.15,0.00,7.01,0.00,54.84
DSE-71-9409,"Dec 31, 2022",46.24,0.00,13.14,33.64,6.98
DSE-71-9409,"Apr 30, 2023",46.24,0.00,13.27,33.40,7.09
DSE-71-9409,"May 31, 2023",46.24,0.00,13.32,33.33,7.11
DSE-72-1580,"Jun 30, 2022",0.00,52.10,24.30,0.00,23.60
DSE-72-1580,"Feb 28, 2023",0.00,52.10,23.90,0.00,24.00
DSE-72-1580,"Apr 30, 2023",0.00,52.10,23.90,0.00,24.00
DSE-73-4901,"Jun 30, 2022",0.01,73.84,16.59,2.72,6.85
DSE-73-4901,"Apr 30, 2023",0.00,73.84,15.47,2.80,7.89
DSE-73-4901,"May 31, 2023",0.00,73.84,15.73,2.75,7.68
DSE-74-5944,"Jun 30, 2022",47.12,0.00,14.47,17.49,20.92
DSE-74-5944,"Apr 30, 2023",47.12,0.00,14.77,17.29,20.82
DSE-74-5944,"May 31, 2023",47.12,0.00,14.77,17.29,20.82
DSE-75-6986,"Jun 30, 2022",72.09,0.00,17.27,0.39,10.25
DSE-75-6986,"Apr 30, 2023",72.09,0.00,17.48,0.31,10.12
DSE-75-6986,"May 31, 2023",72.09,0.00,17.53,0.31,10.07
DSE-76-3463,"Jun 30, 2022",30.14,0.00,21.82,28.61,19.43
DSE-76-3463,"Apr 30, 2023",30.14,0.00,23.64,28.95,17.27
DSE-76-3463,"May 31, 2023",30.14,0.00,23.76,28.90,17.20
DSE-77-2809,"Jun 30, 2021",35.67,0.00,24.09,0.02,40.22
DSE-77-2809,"May 31, 2022",35.67,0.00,24.64,0.02,39.67
DSE-77-2809,"Jun 30, 2022",35.67,0.00,24.64,0.02,39.67
DSE-78-4996,"Jun 30, 2022",19.95,0.00,25.13,0.00,54.92
DSE-78-4996,"Apr 30, 2023",19.95,0.00,27.35,0.00,52.70
DSE-78-4996,"May 31, 2023",19.95,0.00,23.96,0.00,56.09
DSE-79-1901,"Jun 30, 2022",66.56,0.00,1.55,0.00,31.89
DSE-79-1901,"Apr 30, 2023",66.56,0.00,1.87,0.00,31.57
DSE-79-1901,"May 31, 2023",66.56,0.00,1.24,0.00,32.20
DSE-80-7980,"Dec 31, 2021",0.00,0.00,0.00,0.00,0.00
DSE-80-7980,"Apr 30, 2023",0.00,0.00,65.00,0.00,35.00
DSE-80-7980,"May 31, 2023",0.00,0.00,65.00,0.00,35.00
DSE-81-6838,"Dec 31, 2022",33.98,1.32,15.46,0.00,49.24
DSE-81-6838,"Apr 30, 2023",33.98,1.32,14.54,0.00,50.16
DSE-81-6838,"May 31, 2023",38.66,1.32,14.54,0.00,45.48
DSE-82-5403,"Jun 30, 2022",25.89,0.00,11.01,0.00,63.10
DSE-82-5403,"Apr 30, 2023",25.89,0.00,10.35,0.00,63.76
DSE-82-5403,"May 31, 2023",25.89,0.00,10.73,0.00,63.38
DSE-83-5953,"Dec 31, 2021",32.70,0.00,22.73,3.57,41.00
DSE-83-5953,"Apr 30, 2023",30.42,0.00,26.03,5.10,38.45
DSE-83-5953,"May 31, 2023",30.42,0.00,27.00,5.01,37.57
DSE-84-8503,"Dec 31, 2022",36.06,0.00,11.75,0.12,52.07
DSE-84-8503,"Apr 30, 2023",36.06,0.00,18.35,0.12,45.47
DSE-84-8503,"May 31, 2023",36.06,0.00,28.18,0.11,35.65
DSE-85-1623,"Dec 31, 2021",60.00,0.00,8.50,0.00,31.50
DSE-85-1623,"Apr 30, 2023",60.00,0.00,7.44,0.00,32.56
DSE-85-1623,"May 31, 2023",60.00,0.00,11.55,0.00,28.45
DSE-86-3804,"Jun 30, 2016",30.29,0.00,15.04,0.00,54.67
DSE-86-3804,"Jun 30, 2017",21.14,0.00,14.49,0.00,64.37
DSE-86-3804,"Jul 31, 2017",22.14,0.00,15.67,0.00,62.19
DSE-87-7501,"Jun 30, 2022",30.03,0.00,35.59,0.00,34.38
DSE-87-7501,"Apr 30, 2023",30.34,0.00,35.54,0.00,34.12
DSE-87-7501,"May 31, 2023",30.34,0.00,35.29,0.00,34.37
DSE-88-6816,"Dec 31, 2021",32.25,0.00,7.61,0.00,60.14
DSE-88-6816,"Apr 30, 2023",32.25,0.00,9.85,0.00,57.90
DSE-88-6816,"May 31, 2023",32.25,0.00,12.02,0.00,55.73
DSE-89-7729,"Jun 30, 2022",30.07,0.00,20.87,0.00,49.06
DSE-89-7729,"Apr 30, 2023",30.07,0.00,11.06,0.00,58.87
DSE-89-7729,"May 31, 2023",30.07,0.00,11.04,0.00,58.89
DSE-90-9417,"Jun 30, 2022",67.08,0.00,17.66,0.10,15.16
DSE-90-9417,"Apr 30, 2023",67.08,0.00,17.68,0.06,15.18
DSE-90-9417,"May 31, 2023",67.08,0.00,17.76,0.06,15.10
DSE-91-5499,"Dec 31, 2021",60.00,0.00,5.13,0.02,34.85
DSE-91-5499,"Apr 30, 2023",60.00,0.00,7.92,0.03,32.05
DSE-91-5499,"May 31, 2023",55.64,0.00,13.26,0.03,31.07
DSE-92-1010,"Jun 30, 2022",45.31,0.00,16.03,0.25,38.41
DSE-92-1010,"Apr 30, 2023",45.31,0.00,15.39,0.61,38.69
DSE-92-1010,"May 31, 2023",45.31,0.00,20.55,0.38,33.76
DSE-93-7772,"Jun 30, 2022",30.10,0.00,17.41,0.48,52.01
DSE-93-7772,"Mar 31, 2023",30.10,0.00,19.49,0.43,49.98
DSE-93-7772,"Apr 30, 2023",30.10,0.00,19.48,0.43,49.99
DSE-94-2630,"Jun 30, 2022",41.39,0.00,25.47,0.17,32.97
DSE-94-2630,"Feb 28, 2023",41.40,0.00,29.35,0.16,29.09
DSE-94-2630,"Apr 30, 2023",41.40,0.00,29.35,0.16,29.09
DSE-95-3323,"Dec 31, 2022",51.32,0.00,18.82,18.23,11.63
DSE-95-3323,"Apr 30, 2023",51.32,0.00,18.84,18.19,11.65
DSE-95-3323,"May 31, 2023",51.32,0.00,18.88,18.18,11.62
DSE-96-1546,"Jun 30, 2022",16.67,0.00,32.92,5.48,44.93
DSE-96-1546,"Apr 30, 2023",16.67,0.00,33.01,5.44,44.88
DSE-96-1546,"May 31, 2023",16.67,0.00,33.14,5.44,44.75
DSE-97-1097,"Dec 31, 2022",0.00,0.00,0.00,0.00,0.00
DSE-98-8721,"Jun 30, 2001",0.00,0.00,0.00,0.00,0.00
DSE-99-7411,"Jun 30, 2001",0.00,0.00,0.00,0.00,0.00
DSE-100-4968,"Jun 30, 2001",0.00,0.00,0.00,0.00,0.00
DSE-101-5242,"Jun 30, 2001",0.00,0.00,0.00,0.00,0.00
DSE-102-5487,"Jun 30, 2001",0.00,0.00,0.00,0.00,0.00
DSE-103-3446,"Jun 30, 2001",0.00,0.00,0.00,0.00,0.00
DSE-104-2390,"Jun 30, 2001",0.00,0.00,0.00,0.00,0.00
DSE-105-4896,"Jun 30, 2001",0.00,0.00,0.00,0.00,0.00
DSE-106-9789,"Dec 31, 2018",42.05,0.00,22.56,0.00,35.39
DSE-106-9789,"Apr 30, 2023",33.29,0.00,24.69,0.00,42.02
DSE-106-9789,"May 31, 2023",33.29,0.00,26.12,0.00,40.59
DSE-107-3367,"Jun 30, 2017",19.00,0.00,14.00,0.00,67.00
DSE-107-3367,"Mar 31, 2023",20.57,0.00,4.64,0.00,74.79
DSE-107-3367,"Apr 30, 2023",20.57,0.00,4.64,0.00,74.79
DSE-108-8790,"Jun 30, 2022",0.00,67.66,23.52,0.06,8.76
DSE-108-8790,"Apr 30, 2023",0.00,67.66,23.83,0.05,8.46
DSE-108-8790,"May 31, 2023",0.00,67.66,23.83,0.04,8.47
DSE-109-7062,"Jun 30, 2022",33.54,0.00,6.47,0.00,59.99
DSE-109-7062,"Apr 30, 2023",33.54,0.00,11.09,0.00,55.37
DSE-109-7062,"May 31, 2023",33.54,0.00,15.93,0.00,50.53
DSE-110-8132,"Dec 31, 2021",60.00,0.00,5.01,0.00,34.99
DSE-110-8132,"Apr 30, 2023",60.00,0.00,4.19,0.00,35.81
DSE-110-8132,"May 31, 2023",60.00,0.00,10.64,0.00,29.36
DSE-111-7170,"Dec 31, 2021",41.12,0.00,13.87,0.00,45.01
DSE-111-7170,"Apr 30, 2023",42.65,0.00,16.66,0.00,40.69
DSE-111-7170,"May 31, 2023",42.65,0.00,16.58,0.00,40.77
DSE-112-1292,"Dec 31, 2021",61.35,0.00,4.85,0.13,33.67
DSE-112-1292,"Apr 30, 2023",61.35,0.00,9.56,0.10,28.99
DSE-112-1292,"May 31, 2023",61.35,0.00,10.50,0.10,28.05
DSE-113-8537,"Jun 30, 2022",30.20,0.00,19.47,0.00,50.33
DSE-113-8537,"Apr 30, 2023",30.20,0.00,8.17,0.00,61.63
DSE-113-8537,"May 31, 2023",30.20,0.00,8.25,0.00,61.55
DSE-114-4926,"Jun 30, 2022",66.61,0.00,20.45,0.00,12.94
DSE-114-4926,"Apr 30, 2023",66.61,0.00,18.78,0.00,14.61
DSE-114-4926,"May 31, 2023",66.61,0.00,18.78,0.00,14.61
DSE-115-8955,"Jun 30, 2022",54.99,0.00,4.68,0.00,40.33
DSE-115-8955,"Apr 30, 2023",54.99,0.00,3.45,0.00,41.56
DSE-115-8955,"May 31, 2023",54.99,0.00,5.31,0.00,39.70
DSE-116-7836,"Jun 30, 2022",32.17,0.00,14.86,0.00,52.97
DSE-116-7836,"Apr 30, 2023",32.17,0.00,13.26,0.00,54.57
DSE-116-7836,"May 31, 2023",32.17,0.00,13.62,0.00,54.21
DSE-117-5873,"Jun 30, 2022",33.01,0.00,4.20,0.00,62.79
DSE-117-5873,"Apr 30, 2023",33.01,0.00,6.06,0.00,60.93
DSE-117-5873,"May 31, 2023",33.01,0.00,6.38,0.00,60.61
DSE-118-4010,"Dec 31, 2021",84.99,0.00,4.98,0.01,10.02
DSE-118-4010,"Apr 30, 2023",86.99,0.00,4.25,0.01,8.75
DSE-118-4010,"May 31, 2023",86.99,0.00,5.78,0.02,7.21
DSE-119-3657,"Dec 31, 2021",47.61,0.00,19.15,0.00,33.24
DSE-119-3657,"Apr 30, 2023",47.61,0.00,14.31,0.00,38.08
DSE-119-3657,"May 31, 2023",47.61,0.00,14.71,0.00,37.68
DSE-120-5634,"Dec 31, 2021",41.11,0.00,19.68,0.00,39.21
DSE-120-5634,"Apr 30, 2023",41.11,0.00,22.26,0.00,36.63
DSE-120-5634,"May 31, 2023",41.11,0.00,23.32,0.00,35.57
DSE-121-4533,"Jun 30, 2022",15.04,51.00,6.85,0.00,27.11
DSE-121-4533,"Apr 30, 2023",15.04,51.00,5.99,0.00,27.97
DSE-121-4533,"May 31, 2023",15.04,51.00,6.09,0.00,27.87
DSE-122-9473,"Dec 31, 2022",30.67,0.00,47.97,0.54,20.82
DSE-122-9473,"Apr 30, 2023",30.67,0.00,48.41,0.20,20.72
DSE-122-9473,"May 31, 2023",30.67,0.00,48.32,0.20,20.81
DSE-123-9538,"Jun 30, 2022",1.38,0.00,63.65,0.00,34.97
DSE-123-9538,"Apr 30, 2023",1.38,0.00,63.79,0.00,34.83
DSE-123-9538,"May 31, 2023",1.38,0.00,63.80,0.00,34.82
DSE-124-8860,"Jun 30, 2022",8.89,0.00,40.49,0.00,50.62
DSE-124-8860,"Apr 30, 2023",8.89,0.00,40.18,0.00,50.93
DSE-124-8860,"May 31, 2023",8.89,0.00,40.19,0.00,50.92
DSE-125-8865,"Jun 30, 2022",14.12,51.00,18.32,0.00,16.56
DSE-125-8865,"Apr 30, 2023",11.03,51.00,7.09,0.00,30.88
DSE-125-8865,"May 31, 2023",11.03,51.00,7.42,0.00,30.55
DSE-126-7157,"Jun 30, 2022",37.77,0.00,30.37,0.45,31.41
DSE-126-7157,"Apr 30, 2023",37.77,0.00,32.36,0.53,29.34
DSE-126-7157,"May 31, 2023",37.77,0.00,31.62,0.53,30.08
DSE-127-3171,"Jun 30, 2022",50.36,0.00,26.92,1.82,20.90
DSE-127-3171,"Apr 30, 2023",50.36,0.00,21.52,0.01,28.11
DSE-127-3171,"May 31, 2023",50.36,0.00,17.65,0.01,31.98
DSE-128-6894,"Dec 31, 2021",60.00,0.00,4.02,0.00,35.98
DSE-128-6894,"Apr 30, 2023",60.00,0.00,5.09,0.00,34.91
DSE-128-6894,"May 31, 2023",60.00,0.00,7.32,0.00,32.68
DSE-129-4815,"Jun 30, 2016",30.45,0.00,7.94,0.00,61.61
DSE-129-4815,"Apr 30, 2023",38.26,0.00,17.66,0.00,44.08
DSE-129-4815,"May 31, 2023",38.26,0.00,11.16,0.00,50.58
DSE-130-1748,"Jun 30, 2021",45.58,0.00,44.58,0.06,9.78
DSE-130-1748,"Apr 30, 2023",57.93,0.00,34.81,0.07,7.19
DSE-130-1748,"May 31, 2023",57.93,0.00,34.81,0.07,7.19
DSE-131-9717,"Jun 30, 2022",54.13,0.00,16.46,0.00,29.41
DSE-131-9717,"Apr 30, 2023",54.13,0.00,17.51,0.00,28.36
DSE-131-9717,"May 31, 2023",54.13,0.00,18.56,0.00,27.31
DSE-132-8701,"Jun 30, 2022",46.95,0.00,39.16,0.00,13.89
DSE-132-8701,"Apr 30, 2023",46.95,0.00,39.98,0.00,13.07
DSE-132-8701,"May 31, 2023",46.95,0.00,39.98,0.00,13.07
DSE-133-8580,"Jun 30, 2022",36.67,0.00,20.67,0.00,42.66
DSE-133-8580,"Apr 30, 2023",36.67,0.00,21.36,0.00,41.97
DSE-133-8580,"May 31, 2023",36.67,0.00,21.56,0.00,41.77
DSE-134-4106,"Jun 30, 2022",21.97,0.00,27.12,0.00,50.91
DSE-134-4106,"Apr 30, 2023",21.97,0.00,26.21,0.00,51.82
DSE-134-4106,"May 31, 2023",21.97,0.00,26.22,0.00,51.81
DSE-135-9573,"Dec 31, 2021",37.69,0.00,27.64,1.29,33.38
DSE-135-9573,"Apr 30, 2023",32.61,0.00,29.00,0.89,37.50
DSE-135-9573,"May 31, 2023",32.61,0.00,28.92,0.89,37.58
DSE-136-7542,"Jun 30, 2020",4.02,0.00,18.41,0.00,77.57
DSE-136-7542,"May 31, 2022",4.02,0.00,18.41,0.00,77.57
DSE-136-7542,"Jun 30, 2022",4.02,0.00,18.41,0.00,77.57
DSE-137-5499,"Jun 30, 2022",30.24,0.00,13.82,0.00,55.94
DSE-137-5499,"Apr 30, 2023",30.24,0.00,13.92,0.00,55.84
DSE-137-5499,"May 31, 2023",30.24,0.00,13.38,0.00,56.38
DSE-138-9742,"Dec 31, 2020",41.88,0.00,11.94,0.08,46.10
DSE-138-9742,"Apr 30, 2023",39.74,0.00,16.14,0.00,44.12
DSE-138-9742,"May 31, 2023",39.74,0.00,16.18,0.00,44.08
DSE-139-7001,"Dec 31, 2020",30.55,0.00,41.19,0.81,27.45
DSE-139-7001,"Apr 30, 2023",34.17,0.00,20.84,0.37,44.62
DSE-139-7001,"May 31, 2023",34.17,0.00,21.85,0.36,43.62
DSE-140-1816,"Dec 31, 2021",13.20,0.00,9.70,0.00,77.10
DSE-140-1816,"Apr 30, 2023",13.20,0.00,8.91,0.00,77.89
DSE-140-1816,"May 31, 2023",13.20,0.00,10.76,0.00,76.04
DSE-141-3201,"Jun 30, 2022",53.97,0.00,20.54,0.00,25.49
DSE-141-3201,"Apr 30, 2023",53.97,0.00,28.99,0.00,17.04
DSE-141-3201,"May 31, 2023",53.97,0.00,29.13,0.00,16.90
DSE-142-6514,"Dec 31, 2021",38.26,0.00,1.42,0.00,60.32
DSE-142-6514,"Apr 30, 2023",38.26,0.00,1.40,0.00,60.34
DSE-142-6514,"May 31, 2023",38.26,0.00,1.04,0.00,60.70
DSE-143-9397,"Jun 30, 2022",67.20,0.00,8.74,0.00,24.06
DSE-143-9397,"Apr 30, 2023",67.20,0.00,4.98,0.00,27.82
DSE-143-9397,"May 31, 2023",67.20,0.00,7.39,0.00,25.41
DSE-144-8343,"Jun 30, 2022",9.08,0.00,6.41,0.00,84.51
DSE-144-8343,"Apr 30, 2023",9.08,0.00,9.82,0.00,81.10
DSE-144-8343,"May 31, 2023",9.08,0.00,10.77,0.00,80.15
DSE-145-1148,"Dec 31, 2021",41.31,0.00,19.42,0.00,39.27
DSE-145-1148,"Apr 30, 2023",41.31,0.00,19.24,0.00,39.45
DSE-145-1148,"May 31, 2023",41.31,0.00,21.27,0.00,37.42
DSE-146-1877,"Dec 31, 2021",33.34,0.00,18.34,1.87,46.45
DSE-146-1877,"Apr 30, 2023",33.02,0.00,19.37,1.25,46.36
DSE-146-1877,"May 31, 2023",33.09,0.00,19.34,1.24,46.33
DSE-147-1785,"Jun 30, 2022",30.93,0.00,25.54,0.00,43.53
DSE-147-1785,"Apr 30, 2023",30.93,0.00,20.36,0.00,48.71
DSE-147-1785,"May 31, 2023",30.93,0.00,20.34,0.00,48.73
DSE-148-3772,"Jun 30, 2022",27.83,0.00,7.25,0.40,64.52
DSE-148-3772,"Apr 30, 2023",30.00,0.00,6.28,0.40,63.32
DSE-148-3772,"May 31, 2023",30.00,0.00,6.28,0.40,63.32
DSE-149-3503,"Jun 30, 2022",7.85,0.00,6.04,0.38,85.73
DSE-149-3503,"Apr 30, 2023",7.85,0.00,10.25,1.08,80.82
DSE-149-3503,"May 31, 2023",7.85,0.00,10.85,1.08,80.22
DSE-150-9048,"Jun 30, 2022",32.01,0.00,19.71,0.00,48.28
DSE-150-9048,"Apr 30, 2023",32.01,0.00,15.10,0.00,52.89
DSE-150-9048,"May 31, 2023",32.01,0.00,15.93,0.00,52.06
DSE-151-4226,"Jun 30, 2022",33.65,0.00,9.42,0.34,56.59
DSE-151-4226,"Mar 31, 2023",30.01,0.00,28.94,0.33,40.72
DSE-151-4226,"Apr 30, 2023",30.01,0.00,14.68,0.36,54.95
DSE-152-1662,"Jun 30, 2022",31.68,0.00,24.08,0.06,44.18
DSE-152-1662,"Apr 30, 2023",30.38,0.00,26.07,0.00,43.55
DSE-152-1662,"May 31, 2023",30.38,0.00,25.12,0.00,44.50
DSE-153-7215,"Jun 30, 2022",13.82,0.00,23.55,0.00,62.63
DSE-153-7215,"Apr 30, 2023",16.17,0.00,22.89,0.00,60.94
DSE-153-7215,"May 31, 2023",16.26,0.00,22.91,0.00,60.83
DSE-154-9326,"Jun 30, 2022",32.89,0.00,37.43,0.09,29.59
DSE-154-9326,"Apr 30, 2023",30.42,0.00,37.07,0.44,32.07
DSE-154-9326,"May 31, 2023",30.42,0.00,37.21,0.41,31.96
DSE-155-8866,"Jun 30, 2022",68.60,0.00,18.90,0.00,12.50
DSE-155-8866,"Apr 30, 2023",68.60,0.00,18.70,0.00,12.70
DSE-155-8866,"May 31, 2023",68.60,0.00,18.70,0.00,12.70
DSE-156-7284,"Dec 31, 2021",45.50,0.00,31.80,0.00,22.70
DSE-156-7284,"Apr 30, 2023",45.49,0.00,29.83,0.00,24.68
DSE-156-7284,"May 31, 2023",45.49,0.00,28.35,0.00,26.16
DSE-157-5353,"Dec 31, 2022",70.00,0.00,28.43,0.00,1.57
DSE-157-5353,"Apr 30, 2023",70.00,0.00,26.91,0.00,3.09
DSE-157-5353,"May 31, 2023",70.00,0.00,27.13,0.00,2.87
DSE-158-6902,"Dec 31, 2021",35.67,0.00,9.25,0.00,55.08
DSE-158-6902,"Apr 30, 2023",35.67,0.00,6.48,0.00,57.85
DSE-158-6902,"May 31, 2023",35.67,0.00,10.79,0.00,53.54
DSE-159-6467,"Jun 30, 2021",38.98,0.00,16.53,0.00,44.49
DSE-159-6467,"Apr 30, 2023",30.29,0.00,25.69,0.00,44.02
DSE-159-6467,"May 31, 2023",30.29,0.00,25.76,0.00,43.95
DSE-160-3697,"Dec 31, 2022",90.00,0.00,5.54,2.13,2.33
DSE-160-3697,"Apr 30, 2023",90.00,0.00,5.59,1.99,2.42
DSE-160-3697,"May 31, 2023",90.00,0.00,5.65,1.92,2.43
DSE-161-8795,"Jun 30, 2022",49.61,0.00,18.40,0.00,31.99
DSE-161-8795,"Apr 30, 2023",49.61,0.00,17.93,0.00,32.46
DSE-161-8795,"May 31, 2023",49.61,0.00,17.93,0.00,32.46
DSE-162-5506,"Jun 30, 2022",41.88,0.00,1.47,0.05,56.60
DSE-162-5506,"Apr 30, 2023",41.88,0.00,1.47,0.05,56.60
DSE-162-5506,"May 31, 2023",41.88,0.00,1.47,0.05,56.60
DSE-163-1659,"Jun 30, 2022",20.52,0.00,51.21,0.00,28.27
DSE-163-1659,"Apr 30, 2023",20.52,0.00,53.82,0.00,25.66
DSE-163-1659,"May 31, 2023",20.52,0.00,54.07,0.00,25.41
DSE-164-1278,"Jun 30, 2022",8.33,0.00,44.92,3.52,43.23
DSE-164-1278,"Apr 30, 2023",8.33,0.00,44.62,3.51,43.54
DSE-164-1278,"May 31, 2023",8.33,0.00,44.62,3.51,43.54
DSE-165-6798,"Dec 31, 2022",30.51,0.00,21.77,4.60,43.12
DSE-165-6798,"Apr 30, 2023",30.51,0.00,21.88,4.60,43.01
DSE-165-6798,"May 31, 2023",30.51,0.00,22.87,4.60,42.02
DSE-166-7341,"Dec 31, 2021",35.50,0.00,11.12,0.00,53.38
DSE-166-7341,"Apr 30, 2023",35.51,0.00,17.32,0.00,47.17
DSE-166-7341,"May 31, 2023",35.51,0.00,17.35,0.00,47.14
DSE-167-9577,"Jun 30, 2022",46.26,0.00,4.53,0.00,49.21
DSE-167-9577,"Apr 30, 2023",44.42,0.00,5.56,0.00,50.02
DSE-167-9577,"May 31, 2023",44.42,0.00,5.08,0.00,50.50
DSE-168-9037,"Dec 31, 2021",60.67,0.00,28.44,0.59,10.30
DSE-168-9037,"Apr 30, 2023",60.67,0.00,26.98,0.27,12.08
DSE-168-9037,"May 31, 2023",60.67,0.00,25.54,0.27,13.52
DSE-169-1632,"Jun 30, 2022",51.38,0.00,25.16,0.00,23.46
DSE-169-1632,"Apr 30, 2023",51.38,0.00,18.91,0.00,29.71
DSE-169-1632,"May 31, 2023",51.38,0.00,20.01,0.00,28.61
DSE-170-4143,"Jun 30, 2022",50.63,0.00,6.06,0.00,43.31
DSE-170-4143,"Apr 30, 2023",48.23,0.00,11.20,0.00,40.57
DSE-170-4143,"May 31, 2023",48.23,0.00,9.83,0.00,41.94
DSE-171-8285,"Jun 30, 2022",50.83,0.00,10.58,0.06,38.53
DSE-171-8285,"Apr 30, 2023",50.83,0.00,8.55,0.08,40.54
DSE-171-8285,"May 31, 2023",50.83,0.00,8.09,0.06,41.02
DSE-172-2574,"Dec 31, 2020",0.00,0.00,0.00,0.00,0.00
DSE-173-4758,"Dec 31, 2019",6.71,0.00,78.61,0.49,14.20
DSE-173-4758,"Jan 31, 2023",6.71,0.00,80.29,0.46,12.54
DSE-173-4758,"Feb 28, 2023",0.00,0.00,87.01,0.46,12.53
DSE-174-2863,"Jun 30, 2022",44.67,0.00,24.07,0.00,31.26
DSE-174-2863,"Apr 30, 2023",44.67,0.00,24.40,0.00,30.93
DSE-174-2863,"May 31, 2023",44.67,0.00,24.45,0.00,30.88
DSE-175-5201,"Jun 30, 2022",41.12,0.00,10.32,0.01,48.55
DSE-175-5201,"Apr 30, 2023",40.64,0.00,7.25,0.00,52.11
DSE-175-5201,"May 31, 2023",40.64,0.00,7.48,0.00,51.88
DSE-176-5002,"Jun 30, 2022",69.50,27.00,1.90,0.00,1.60
DSE-176-5002,"Oct 31, 2022",69.49,27.00,1.92,0.00,1.59
DSE-176-5002,"Nov 30, 2022",69.49,27.00,1.92,0.00,1.59
DSE-177-3324,"Jun 30, 2022",10.03,0.00,49.62,6.78,33.57
DSE-177-3324,"Apr 30, 2023",10.03,0.00,50.25,6.82,32.90
DSE-177-3324,"May 31, 2023",10.03,0.00,50.30,6.82,32.85
DSE-178-7222,"Jun 30, 2022",50.94,0.00,40.22,0.00,8.84
DSE-178-7222,"Apr 30, 2023",50.94,0.00,38.49,0.00,10.57
DSE-178-7222,"May 31, 2023",50.94,0.00,38.48,0.00,10.58
DSE-179-5115,"Jun 30, 2022",0.00,0.00,56.16,0.00,43.84
DSE-179-5115,"Apr 30, 2023",0.00,0.00,57.47,0.00,42.53
DSE-179-5115,"May 31, 2023",0.00,0.00,57.50,0.00,42.50
DSE-180-3362,"Jun 30, 2022",10.00,0.00,40.32,0.00,49.68
DSE-180-3362,"Apr 30, 2023",10.00,0.00,40.78,0.00,49.22
DSE-180-3362,"May 31, 2023",10.00,0.00,40.80,0.00,49.20
DSE-181-9535,"Dec 31, 2021",52.76,0.17,22.34,0.00,24.73
DSE-181-9535,"Apr 30, 2023",52.76,0.17,21.61,0.00,25.46
DSE-181-9535,"May 31, 2023",52.76,0.17,21.61,0.00,25.46
DSE-182-6757,"Jun 30, 2022",25.00,0.00,64.63,0.00,10.37
DSE-182-6757,"Apr 30, 2023",25.00,0.00,65.07,0.00,9.93
DSE-182-6757,"May 31, 2023",25.00,0.00,65.08,0.00,9.92
DSE-183-1331,"Dec 31, 2021",41.98,0.00,8.50,0.00,49.52
DSE-183-1331,"Apr 30, 2023",60.00,0.00,6.41,0.00,33.59
DSE-183-1331,"May 31, 2023",60.00,0.00,9.08,0.00,30.92
DSE-184-2413,"Dec 31, 2022",56.66,0.00,27.82,1.16,14.36
DSE-184-2413,"Apr 30, 2023",56.66,0.00,27.90,1.16,14.28
DSE-184-2413,"May 31, 2023",56.66,0.00,27.88,1.16,14.30
DSE-185-6097,"Jun 30, 2022",54.87,0.00,27.88,0.08,17.17
DSE-185-6097,"Apr 30, 2023",54.87,0.00,28.24,0.08,16.81
DSE-185-6097,"May 31, 2023",54.87,0.00,28.32,0.08,16.73
DSE-186-1235,"Dec 31, 2021",6.14,32.75,20.05,1.07,39.99
DSE-186-1235,"Apr 30, 2023",6.14,32.75,20.91,1.11,39.09
DSE-186-1235,"May 31, 2023",6.14,32.75,20.89,1.11,39.11
DSE-187-3888,"Jun 30, 2022",20.83,0.00,18.44,0.00,60.73
DSE-187-3888,"Apr 30, 2023",20.83,0.00,12.49,0.00,66.68
DSE-187-3888,"May 31, 2023",20.83,0.00,12.55,0.00,66.62
DSE-188-4696,"Jun 30, 2022",1.00,0.00,63.25,7.63,28.12
DSE-188-4696,"Apr 30, 2023",1.00,0.00,63.12,7.63,28.25
DSE-188-4696,"May 31, 2023",1.00,0.00,63.12,7.63,28.25
DSE-189-5358,"Dec 31, 2020",41.54,0.00,28.92,0.07,29.47
DSE-189-5358,"Apr 30, 2023",41.54,0.00,23.31,0.01,35.14
DSE-189-5358,"May 31, 2023",41.54,0.00,24.34,0.01,34.11
DSE-190-1308,"Jun 30, 2018",31.53,0.00,9.01,0.00,59.46
DSE-190-1308,"Jan 31, 2023",30.08,0.00,9.01,0.00,60.91
DSE-190-1308,"May 31, 2023",34.12,0.00,9.01,0.00,56.87
DSE-191-5495,"Jun 30, 2022",57.77,0.00,22.55,0.00,19.68
DSE-191-5495,"Apr 30, 2023",57.77,0.00,20.07,0.00,22.16
DSE-191-5495,"May 31, 2023",57.77,0.00,20.10,0.00,22.13
DSE-192-9504,"Jun 30, 2020",3.97,0.00,9.48,0.00,86.55
DSE-192-9504,"Apr 30, 2023",29.99,0.00,8.13,0.09,61.79
DSE-192-9504,"May 31, 2023",29.99,0.00,7.22,0.07,62.72
DSE-193-4713,"Jun 30, 2022",30.66,0.00,9.55,0.00,59.79
DSE-193-4713,"Apr 30, 2023",30.06,0.00,21.82,0.00,48.12
DSE-193-4713,"May 31, 2023",30.06,0.00,27.92,0.02,42.00
DSE-194-6023,"Dec 31, 2022",48.03,21.88,11.42,0.07,18.60
DSE-194-6023,"Apr 30, 2023",48.04,21.88,13.16,0.06,16.86
DSE-194-6023,"May 31, 2023",48.04,21.88,13.16,0.06,16.86
DSE-195-8658,"Dec 31, 2021",51.32,0.00,15.42,20.19,13.07
DSE-195-8658,"Nov 30, 2022",55.06,0.00,14.47,20.59,9.88
DSE-195-8658,"Dec 31, 2022",55.06,0.00,14.59,20.24,10.11
DSE-196-9747,"Dec 31, 2021",31.18,0.00,17.80,0.00,51.02
DSE-196-9747,"Apr 30, 2023",28.79,0.00,23.88,0.00,47.33
DSE-196-9747,"May 31, 2023",28.79,0.00,23.89,0.00,47.32
DSE-197-3450,"Dec 31, 2021",39.49,0.00,8.52,0.00,51.99
DSE-197-3450,"Mar 31, 2023",29.16,0.00,8.76,0.00,62.08
DSE-197-3450,"Apr 30, 2023",29.16,0.00,9.14,0.00,61.70
DSE-198-9665,"Jun 30, 2022",21.62,0.00,19.41,0.00,58.97
DSE-198-9665,"Apr 30, 2023",21.62,0.00,11.84,0.00,66.54
DSE-198-9665,"May 31, 2023",21.62,0.00,17.94,0.00,60.44
DSE-199-6906,"Jun 30, 2022",51.09,0.00,20.95,0.01,27.95
DSE-199-6906,"Apr 30, 2023",51.09,0.00,15.24,0.00,33.67
DSE-199-6906,"May 31, 2023",51.09,0.00,14.46,0.00,34.45
DSE-200-5606,"Dec 31, 2021",48.55,0.00,7.86,0.57,43.02
DSE-200-5606,"Apr 30, 2023",46.29,0.00,6.41,0.45,46.85
DSE-200-5606,"May 31, 2023",46.29,0.00,6.30,0.45,46.96
DSE-201-9396,"Jun 30, 2022",2.90,60.08,28.37,0.28,8.37
DSE-201-9396,"Apr 30, 2023",2.90,60.08,28.65,0.27,8.10
DSE-201-9396,"May 31, 2023",2.90,60.08,28.40,0.25,8.37
DSE-202-5258,"Dec 31, 2021",39.05,0.00,5.36,0.00,55.59
DSE-202-5258,"Apr 30, 2023",37.05,0.00,10.22,0.00,52.73
DSE-202-5258,"May 31, 2023",37.05,0.00,11.02,0.00,51.93
DSE-203-5187,"Jun 30, 2022",32.32,0.00,37.42,0.00,30.26
DSE-203-5187,"Apr 30, 2023",32.32,0.00,40.37,0.00,27.31
DSE-203-5187,"May 31, 2023",32.32,0.00,41.41,0.00,26.27
DSE-204-3428,"Jun 30, 2022",79.65,0.00,5.60,0.00,14.75
DSE-204-3428,"Apr 30, 2023",79.65,0.00,3.13,0.00,17.22
DSE-204-3428,"May 31, 2023",79.65,0.00,3.11,0.00,17.24
DSE-205-3456,"Jun 30, 2016",39.82,0.00,24.25,0.00,35.93
DSE-205-3456,"Apr 30, 2023",39.82,0.00,23.20,0.00,36.98
DSE-205-3456,"May 31, 2023",39.82,0.00,23.20,0.00,36.98
DSE-206-1403,"Dec 31, 2021",30.85,0.00,2.48,0.00,66.67
DSE-206-1403,"Apr 30, 2023",30.85,0.00,11.97,0.00,57.18
DSE-206-1403,"May 31, 2023",30.85,0.00,13.21,0.00,55.94
DSE-207-1293,"Jun 30, 2022",31.77,0.00,8.74,0.00,59.49
DSE-207-1293,"Apr 30, 2023",31.77,0.00,7.67,0.00,60.56
DSE-207-1293,"May 31, 2023",31.77,0.00,7.93,0.00,60.30
DSE-208-1058,"Jun 30, 2022",30.13,0.00,27.63,0.00,42.24
DSE-208-1058,"Feb 28, 2023",30.13,0.00,24.57,0.00,45.30
DSE-208-1058,"Apr 30, 2023",30.13,0.00,25.06,0.00,44.81
DSE-209-1001,"Jun 30, 2022",70.06,0.00,7.58,0.00,22.36
DSE-209-1001,"Apr 30, 2023",63.97,0.00,10.21,0.00,25.82
DSE-209-1001,"May 31, 2023",63.97,0.00,10.83,0.00,25.20
DSE-210-8704,"Jun 30, 2020",46.27,0.00,9.25,0.00,44.48
DSE-210-8704,"Apr 30, 2023",46.27,0.00,8.25,0.00,45.48
DSE-210-8704,"May 31, 2023",46.27,0.00,8.96,0.00,44.77
DSE-211-5028,"Jun 30, 2022",50.57,0.00,13.55,0.00,35.88
DSE-211-5028,"Apr 30, 2023",50.57,0.00,14.24,0.02,35.17
DSE-211-5028,"May 31, 2023",50.57,0.00,13.52,0.02,35.89
DSE-212-8883,"Jun 30, 2022",69.99,0.00,8.96,0.18,20.87
DSE-212-8883,"Apr 30, 2023",69.99,0.00,8.91,0.18,20.92
DSE-212-8883,"May 31, 2023",69.99,0.00,8.91,0.18,20.92
DSE-213-7233,"Jun 30, 2022",39.76,0.00,2.81,0.00,57.43
DSE-213-7233,"Sep 30, 2022",39.76,0.00,1.22,0.00,59.02
DSE-213-7233,"Oct 31, 2022",39.76,0.00,1.11,0.00,59.13
DSE-214-1021,"Jun 30, 2021",30.32,0.00,21.62,0.12,47.94
DSE-214-1021,"Apr 30, 2023",30.32,0.00,23.07,0.23,46.38
DSE-214-1021,"May 31, 2023",30.32,0.00,23.06,0.23,46.39
DSE-215-3759,"Dec 31, 2021",33.56,0.00,20.96,0.86,44.62
DSE-215-3759,"Apr 30, 2023",33.55,0.00,22.57,0.65,43.23
DSE-215-3759,"May 31, 2023",33.55,0.00,22.55,0.65,43.25
DSE-216-9703,"Jun 30, 2022",30.00,0.00,10.99,0.00,59.01
DSE-216-9703,"Apr 30, 2023",30.00,0.00,16.17,0.00,53.83
DSE-216-9703,"May 31, 2023",30.00,0.00,22.78,0.00,47.22
DSE-217-8761,"Dec 31, 2022",64.15,0.00,17.04,0.78,18.03
DSE-217-8761,"Apr 30, 2023",64.15,0.00,17.32,0.78,17.75
DSE-217-8761,"May 31, 2023",64.15,0.00,17.83,0.77,17.25
DSE-218-3913,"Jun 30, 2020",34.43,0.00,6.30,0.00,59.27
DSE-218-3913,"Apr 30, 2023",34.43,0.00,11.74,0.00,53.83
DSE-218-3913,"May 31, 2023",34.43,0.00,8.21,0.00,57.36
DSE-219-5971,"Dec 31, 2022",60.00,0.00,28.80,0.00,11.20
DSE-219-5971,"Apr 30, 2023",60.00,0.00,28.80,0.00,11.20
DSE-219-5971,"May 31, 2023",60.00,0.00,28.80,0.00,11.20
DSE-220-2822,"Jun 30, 2022",44.65,0.00,20.00,0.00,35.35
DSE-220-2822,"Apr 30, 2023",44.65,0.00,20.20,0.00,35.15
DSE-220-2822,"May 31, 2023",44.65,0.00,20.23,0.00,35.12
DSE-221-2348,"Jun 30, 2022",35.70,0.00,23.75,0.06,40.50
DSE-221-2348,"Apr 30, 2023",35.70,0.00,23.18,0.06,41.06
DSE-221-2348,"May 31, 2023",35.70,0.00,24.84,0.06,39.40
DSE-222-7213,"Sep 30, 2022",13.57,0.00,58.27,6.49,21.67
DSE-222-7213,"Apr 30, 2023",13.57,0.00,58.06,1.60,26.77
DSE-222-7213,"May 31, 2023",13.57,0.00,58.07,1.60,26.76
DSE-223-7653,"Jun 30, 2022",30.00,0.00,13.31,0.00,56.69
DSE-223-7653,"Apr 30, 2023",30.00,0.00,6.58,0.00,63.42
DSE-223-7653,"May 31, 2023",30.00,0.00,6.55,0.00,63.45
DSE-224-3942,"Jun 30, 2022",47.34,0.00,11.96,0.00,40.70
DSE-224-3942,"Apr 30, 2023",47.34,0.00,13.90,0.00,38.76
DSE-224-3942,"May 31, 2023",47.34,0.00,14.43,0.00,38.23
DSE-225-9342,"Mar 31, 2022",90.00,0.00,6.07,2.33,1.60
DSE-225-9342,"Apr 30, 2023",90.00,0.00,6.66,1.90,1.44
DSE-225-9342,"May 31, 2023",90.00,0.00,6.62,1.90,1.48
DSE-226-5014,"Jun 30, 2022",32.72,0.00,42.52,0.00,24.76
DSE-226-5014,"Apr 30, 2023",32.72,0.00,40.88,0.00,26.40
DSE-226-5014,"May 31, 2023",32.72,0.00,40.87,0.00,26.41
DSE-227-5988,"Mar 31, 2022",10.00,0.00,50.69,0.00,39.31
DSE-227-5988,"Apr 30, 2023",10.00,0.00,49.11,0.00,40.89
DSE-227-5988,"May 31, 2023",10.00,0.00,50.79,0.00,39.21
DSE-228-7681,"Jun 30, 2022",50.00,0.00,0.00,0.00,50.00
DSE-228-7681,"Apr 30, 2023",50.00,0.00,0.00,0.00,50.00
DSE-228-7681,"May 31, 2023",50.00,0.00,0.00,0.00,50.00
DSE-229-5240,"Jun 30, 2022",49.76,0.00,33.46,0.00,16.78
DSE-229-5240,"Apr 30, 2023",49.76,0.00,33.82,0.00,16.42
DSE-229-5240,"May 31, 2023",49.76,0.00,34.36,0.00,15.88
DSE-230-3843,"Dec 31, 2021",30.28,0.00,25.15,0.00,44.57
DSE-230-3843,"Apr 30, 2023",30.28,0.00,19.32,0.00,50.40
DSE-230-3843,"May 31, 2023",30.41,0.00,30.29,0.00,39.30
DSE-231-3049,"Dec 31, 2021",30.54,0.00,21.39,0.00,48.07
DSE-231-3049,"Apr 30, 2023",30.54,0.00,26.30,0.00,43.16
DSE-231-3049,"May 31, 2023",30.54,0.00,31.86,0.00,37.60
DSE-232-5698,"Jun 30, 2022",50.00,0.00,0.00,0.00,50.00
DSE-232-5698,"Apr 30, 2023",50.00,0.00,0.00,0.00,50.00
DSE-232-5698,"May 31, 2023",50.00,0.00,0.00,0.00,50.00
DSE-233-7246,"Dec 31, 2021",36.55,0.00,22.42,4.06,36.97
DSE-233-7246,"Apr 30, 2023",34.36,0.00,24.56,4.02,37.06
DSE-233-7246,"May 31, 2023",34.36,0.00,24.67,4.02,36.95
DSE-234-6207,"Dec 31, 2021",33.52,0.00,29.08,0.00,37.40
DSE-234-6207,"Apr 30, 2023",34.56,0.00,30.83,0.00,34.61
DSE-234-6207,"May 31, 2023",34.56,0.00,31.37,0.00,34.07
DSE-235-1120,"Jun 30, 2022",30.09,0.00,20.08,0.00,49.83
DSE-235-1120,"Apr 30, 2023",30.09,0.00,14.58,0.00,55.33
DSE-235-1120,"May 31, 2023",30.09,0.00,18.19,0.00,51.72
DSE-236-1879,"Jun 30, 2022",39.61,0.00,22.04,0.09,38.26
DSE-236-1879,"Apr 30, 2023",39.61,0.00,26.15,0.04,34.20
DSE-236-1879,"May 31, 2023",39.61,0.00,26.81,0.04,33.54
DSE-237-6226,"Dec 31, 2021",41.36,0.00,26.41,0.42,31.82
DSE-237-6226,"Apr 30, 2023",41.35,0.00,26.55,0.42,31.68
DSE-237-6226,"May 31, 2023",41.34,0.00,26.60,0.42,31.64
DSE-238-9856,"Dec 31, 2021",78.63,0.00,3.20,0.00,18.17
DSE-238-9856,"Apr 30, 2023",78.63,0.00,6.88,0.00,14.49
DSE-238-9856,"May 31, 2023",78.63,0.00,6.04,0.00,15.33
DSE-239-9945,"Jun 30, 2020",30.00,0.00,0.00,0.00,70.00
DSE-239-9945,"Sep 30, 2022",30.00,0.00,0.00,0.00,70.00
DSE-239-9945,"Apr 30, 2023",30.00,0.00,0.00,0.00,70.00
DSE-240-8280,"Jun 30, 2022",48.58,0.00,4.34,0.00,47.08
DSE-240-8280,"Apr 30, 2023",48.58,0.00,3.17,0.00,48.25
DSE-240-8280,"May 31, 2023",48.58,0.00,3.14,0.00,48.28
DSE-241-2704,"Jun 30, 2022",17.20,0.00,17.01,0.00,65.79
DSE-241-2704,"Mar 31, 2023",17.20,0.00,16.94,0.00,65.86
DSE-241-2704,"Apr 30, 2023",17.20,0.00,16.93,0.00,65.87
DSE-242-9054,"Jun 30, 2022",71.52,0.00,21.23,0.15,7.10
DSE-242-9054,"Mar 31, 2023",71.52,0.00,21.59,0.12,6.77
DSE-242-9054,"Apr 30, 2023",71.52,0.00,21.72,0.12,6.64
DSE-243-8757,"Jun 30, 2022",30.57,0.00,17.24,0.00,52.19
DSE-243-8757,"Apr 30, 2023",30.57,0.00,17.27,0.00,52.16
DSE-243-8757,"May 31, 2023",30.57,0.00,17.26,0.00,52.17
DSE-244-8332,"Jun 30, 2022",35.66,0.00,4.16,0.09,60.09
DSE-244-8332,"Apr 30, 2023",35.66,0.00,6.87,0.04,57.43
DSE-244-8332,"May 31, 2023",35.66,0.00,5.95,0.04,58.35
DSE-245-8045,"Jun 30, 2022",48.30,0.00,12.24,0.06,39.40
DSE-245-8045,"Apr 30, 2023",42.47,0.00,12.29,0.16,45.08
DSE-245-8045,"May 31, 2023",42.47,0.00,12.03,0.17,45.33
DSE-246-2661,"Jun 30, 2022",40.68,0.00,13.30,1.40,44.62
DSE-246-2661,"Apr 30, 2023",40.68,0.00,7.96,1.53,49.83
DSE-246-2661,"May 31, 2023",40.68,0.00,7.95,1.53,49.84
DSE-247-3101,"Jun 30, 2022",51.96,0.00,0.35,0.00,47.69
DSE-247-3101,"Apr 30, 2023",45.00,0.00,14.97,0.00,40.03
DSE-247-3101,"May 31, 2023",45.00,0.00,10.35,0.00,44.65
DSE-248-2505,"Jun 30, 2022",0.00,58.67,33.59,0.08,7.66
DSE-248-2505,"Apr 30, 2023",0.00,58.67,33.59,0.06,7.68
DSE-248-2505,"May 31, 2023",0.00,58.67,33.64,0.06,7.63
DSE-249-8657,"Dec 31, 2021",42.33,0.00,22.84,0.16,34.67
DSE-249-8657,"Apr 30, 2023",36.77,0.00,29.64,0.16,33.43
DSE-249-8657,"May 31, 2023",43.15,0.00,23.37,0.16,33.32
DSE-250-6205,"Jun 30, 2022",39.58,0.00,13.25,0.00,47.17
DSE-250-6205,"Apr 30, 2023",39.58,0.00,7.92,0.00,52.50
DSE-250-6205,"May 31, 2023",39.58,0.00,7.98,0.00,52.44
DSE-251-4644,"Dec 31, 2021",53.18,0.00,19.45,0.18,27.19
DSE-251-4644,"Apr 30, 2023",55.87,0.00,17.70,0.18,26.25
DSE-251-4644,"May 31, 2023",55.87,0.00,17.70,0.18,26.25
DSE-252-4068,"Jun 30, 2022",42.49,0.00,27.22,0.00,30.29
DSE-252-4068,"Apr 30, 2023",42.49,0.00,26.82,0.00,30.69
DSE-252-4068,"May 31, 2023",42.49,0.00,27.56,0.00,29.95
DSE-253-6895,"Jun 30, 2021",35.49,0.00,28.53,10.29,25.69
DSE-253-6895,"Apr 30, 2023",35.49,0.00,11.40,27.73,25.38
DSE-253-6895,"May 31, 2023",35.49,0.00,13.38,27.74,23.39
DSE-254-5558,"Dec 31, 2021",28.48,0.00,23.43,0.86,47.23
DSE-254-5558,"Apr 30, 2023",28.47,0.00,28.40,0.95,42.18
DSE-254-5558,"May 31, 2023",28.47,0.00,28.54,0.95,42.04
DSE-255-9508,"Dec 31, 2021",37.40,0.00,21.98,0.50,40.12
DSE-255-9508,"Apr 30, 2023",37.54,0.00,23.30,0.54,38.62
DSE-255-9508,"May 31, 2023",37.54,0.00,23.21,0.53,38.72
DSE-256-7288,"Dec 31, 2022",15.00,0.00,67.46,0.00,17.54
DSE-256-7288,"Apr 30, 2023",15.00,0.00,67.40,0.00,17.60
DSE-256-7288,"May 31, 2023",15.00,0.00,67.53,0.00,17.47
DSE-257-4788,"Jun 30, 2021",30.82,0.00,26.98,0.00,42.20
DSE-257-4788,"Apr 30, 2023",30.61,0.00,18.30,0.00,51.09
DSE-257-4788,"May 31, 2023",30.61,0.00,18.30,0.00,51.09
DSE-258-8416,"Jun 30, 2022",30.40,0.00,7.31,0.01,62.28
DSE-258-8416,"Apr 30, 2023",30.40,0.00,12.59,0.01,57.00
DSE-258-8416,"May 31, 2023",30.40,0.00,8.30,0.01,61.29
DSE-259-9810,"Dec 31, 2021",52.88,9.34,12.51,0.00,25.27
DSE-259-9810,"Apr 30, 2023",50.57,9.34,10.58,0.00,29.51
DSE-259-9810,"May 31, 2023",50.57,9.34,11.35,0.00,28.74
DSE-260-5750,"Dec 31, 2021",35.00,0.00,9.32,0.00,55.68
DSE-260-5750,"Apr 30, 2023",35.00,0.00,23.98,0.00,41.02
DSE-260-5750,"May 31, 2023",35.00,0.00,23.86,0.00,41.14
DSE-261-2774,"Jun 30, 2020",15.09,0.00,0.00,0.00,84.91
DSE-261-2774,"Dec 31, 2021",15.09,0.00,0.00,0.00,84.91
DSE-261-2774,"Jan 31, 2022",15.09,0.00,0.00,0.00,84.91
DSE-262-2792,"Dec 31, 2021",31.55,0.00,18.43,0.00,50.02
DSE-262-2792,"Apr 30, 2023",33.56,0.00,22.38,0.00,44.06
DSE-262-2792,"May 31, 2023",33.56,0.00,28.56,0.00,37.88
DSE-263-9810,"Jun 30, 2022",34.66,0.00,13.98,0.00,51.36
DSE-263-9810,"Apr 30, 2023",34.66,0.00,11.73,0.00,53.61
DSE-263-9810,"May 31, 2023",34.66,0.00,11.75,0.00,53.59
DSE-264-3187,"Dec 31, 2021",73.32,0.00,2.70,0.00,23.98
DSE-264-3187,"Apr 30, 2023",73.49,0.00,2.98,0.00,23.53
DSE-264-3187,"May 31, 2023",73.49,0.00,2.92,0.00,23.59
DSE-265-8175,"Jun 30, 2022",48.60,4.33,8.55,0.00,38.52
DSE-265-8175,"Apr 30, 2023",44.90,4.33,14.75,0.00,36.02
DSE-265-8175,"May 31, 2023",44.90,4.33,14.75,0.00,36.02
DSE-266-7941,"Jun 30, 2022",0.05,51.00,6.54,0.00,42.41
DSE-266-7941,"Apr 30, 2023",0.05,51.00,16.08,0.00,32.87
DSE-266-7941,"May 31, 2023",0.05,51.00,16.18,0.00,32.77
DSE-267-1037,"Jun 30, 2020",30.93,0.00,16.81,0.00,52.26
DSE-267-1037,"Jan 31, 2021",30.93,0.00,17.28,0.00,51.79
DSE-267-1037,"Feb 28, 2021",30.93,0.00,17.28,0.00,51.79
DSE-268-5786,"Jun 30, 2022",44.43,0.00,5.02,0.00,50.55
DSE-268-5786,"Apr 30, 2023",25.81,0.00,18.48,0.00,55.71
DSE-268-5786,"May 31, 2023",25.81,0.00,18.62,0.00,55.57
DSE-269-3506,"Jun 30, 2022",30.01,0.00,28.62,0.00,41.37
DSE-269-3506,"Apr 30, 2023",30.01,0.00,31.15,0.00,38.84
DSE-269-3506,"May 31, 2023",30.01,0.00,31.27,0.00,38.72
DSE-270-6693,"Jun 30, 2022",37.34,0.00,20.09,25.66,16.91
DSE-270-6693,"Apr 30, 2023",40.66,0.00,22.36,23.25,13.73
DSE-270-6693,"May 31, 2023",40.66,0.00,22.08,23.54,13.72
DSE-271-7603,"Dec 31, 2021",32.06,0.00,21.69,0.22,46.03
DSE-271-7603,"Apr 30, 2023",32.04,0.00,31.72,0.22,36.02
DSE-271-7603,"May 31, 2023",32.04,0.00,31.68,0.22,36.06
DSE-272-2100,"Jun 30, 2022",40.61,0.00,16.76,0.19,42.44
DSE-272-2100,"Apr 30, 2023",40.61,0.00,8.24,0.13,51.02
DSE-272-2100,"May 31, 2023",40.61,0.00,7.51,0.10,51.78
DSE-273-5812,"Jun 30, 2022",31.98,0.00,28.65,1.16,38.21
DSE-273-5812,"Apr 30, 2023",31.98,0.00,20.39,1.18,46.45
DSE-273-5812,"May 31, 2023",31.98,0.00,20.49,1.18,46.35
DSE-274-5750,"Dec 31, 2021",34.79,0.00,20.63,0.00,44.58
DSE-274-5750,"Apr 30, 2023",31.56,0.00,17.12,0.00,51.32
DSE-274-5750,"May 31, 2023",31.56,0.00,20.81,0.00,47.63
DSE-275-4142,"Jun 30, 2022",2.06,50.35,32.82,0.86,13.91
DSE-275-4142,"Apr 30, 2023",2.06,50.35,32.00,0.83,14.76
DSE-275-4142,"May 31, 2023",2.06,50.35,31.97,0.83,14.79
DSE-276-4883,"Jun 30, 2022",42.03,0.00,0.54,0.00,57.43
DSE-276-4883,"Apr 30, 2023",35.00,0.00,11.59,0.00,53.41
DSE-276-4883,"May 31, 2023",35.00,0.00,10.44,0.00,54.56
DSE-277-9154,"Dec 31, 2021",48.48,0.00,8.52,0.03,42.97
DSE-277-9154,"Apr 30, 2023",48.49,0.00,14.17,0.02,37.32
DSE-277-9154,"May 31, 2023",48.49,0.00,12.75,0.02,38.74
DSE-278-6116,"Dec 31, 2020",0.00,0.00,0.00,0.00,0.00
DSE-279-9675,"Jun 30, 2022",30.12,0.00,12.64,0.00,57.24
DSE-279-9675,"Apr 30, 2023",30.12,0.00,12.78,0.00,57.10
DSE-279-9675,"May 31, 2023",30.12,0.00,12.79,0.00,57.09
DSE-280-1100,"Jun 30, 2022",49.83,0.00,14.66,0.16,35.35
DSE-280-1100,"Apr 30, 2023",49.92,0.00,12.08,0.15,37.85
DSE-280-1100,"May 31, 2023",49.92,0.00,12.02,0.14,37.92
DSE-281-6411,"Dec 31, 2021",30.41,0.00,20.41,0.00,49.18
DSE-281-6411,"Apr 30, 2023",30.42,0.00,11.86,0.00,57.72
DSE-281-6411,"May 31, 2023",30.42,0.00,15.16,0.00,54.42
DSE-282-4442,"Jun 30, 2022",33.33,0.00,13.35,0.01,53.31
DSE-282-4442,"Apr 30, 2023",33.33,0.00,18.54,0.01,48.12
DSE-282-4442,"May 31, 2023",33.33,0.00,26.25,0.01,40.41
DSE-283-8822,"Jun 30, 2022",24.22,0.00,14.95,0.00,60.83
DSE-283-8822,"Apr 30, 2023",23.59,0.00,15.57,0.00,60.84
DSE-283-8822,"May 31, 2023",23.59,0.00,15.57,0.00,60.84
DSE-284-4546,"Dec 31, 2022",36.02,0.00,7.76,0.00,56.22
DSE-284-4546,"Apr 30, 2023",36.02,0.00,9.04,0.00,54.94
DSE-284-4546,"May 31, 2023",36.02,0.00,9.67,0.00,54.31
DSE-285-1501,"Dec 31, 2021",32.60,0.00,27.00,0.00,40.40
DSE-285-1501,"Apr 30, 2023",30.51,0.00,23.81,0.00,45.68
DSE-285-1501,"May 31, 2023",30.51,0.00,23.56,0.00,45.93
DSE-286-4145,"Jun 30, 2022",10.26,0.00,42.40,0.00,47.34
DSE-286-4145,"Apr 30, 2023",0.00,0.00,52.96,0.00,47.04
DSE-286-4145,"May 31, 2023",0.00,0.00,52.97,0.00,47.03
DSE-287-7028,"Dec 31, 2022",45.62,0.00,24.70,0.00,29.68
DSE-287-7028,"Apr 30, 2023",45.62,0.00,25.17,0.00,29.21
DSE-287-7028,"May 31, 2023",45.62,0.00,26.32,0.00,28.06
DSE-288-2721,"Dec 31, 2017",29.88,0.00,10.66,1.02,58.44
DSE-288-2721,"Apr 30, 2023",23.21,0.00,8.62,0.19,67.98
DSE-288-2721,"May 31, 2023",23.21,0.00,8.62,0.19,67.98
DSE-289-8233,"Jun 30, 2022",10.00,0.00,27.30,0.00,62.70
DSE-289-8233,"Apr 30, 2023",10.00,0.00,20.09,0.00,69.91
DSE-289-8233,"May 31, 2023",10.00,0.00,19.97,0.00,70.03
DSE-290-4937,"Dec 31, 2021",30.01,0.00,10.53,0.00,59.46
DSE-290-4937,"Apr 30, 2023",23.70,0.00,12.99,0.00,63.31
DSE-290-4937,"May 31, 2023",23.70,0.00,16.63,0.00,59.67
DSE-291-1645,"Jun 30, 2022",75.00,0.00,15.77,0.19,9.04
DSE-291-1645,"Apr 30, 2023",75.00,0.00,15.84,0.06,9.10
DSE-291-1645,"May 31, 2023",75.00,0.00,15.89,0.06,9.05
DSE-292-3172,"Dec 31, 2021",42.07,0.00,20.94,0.00,36.99
DSE-292-3172,"Apr 30, 2023",41.94,0.00,19.04,0.00,39.02
DSE-292-3172,"May 31, 2023",41.94,0.00,19.41,0.00,38.65
DSE-293-2233,"Dec 31, 2021",38.37,0.00,30.70,0.00,30.93
DSE-293-2233,"Apr 30, 2023",38.37,0.00,29.33,0.00,32.30
DSE-293-2233,"May 31, 2023",38.37,0.00,34.34,0.00,27.29
DSE-294-8012,"Dec 31, 2021",0.00,0.00,0.00,0.00,0.00
DSE-295-1137,"Dec 31, 2021",34.97,0.00,17.88,1.95,45.20
DSE-295-1137,"Apr 30, 2023",34.97,0.00,23.82,0.82,40.39
DSE-295-1137,"May 31, 2023",34.97,0.00,23.63,0.82,40.58
DSE-296-8619,"Jun 30, 2022",47.15,0.00,20.84,0.03,31.98
DSE-296-8619,"Apr 30, 2023",47.15,0.00,23.70,0.04,29.11
DSE-296-8619,"May 31, 2023",47.15,0.00,22.53,0.03,30.29
DSE-297-4253,"Dec 31, 2021",30.00,0.00,24.62,0.00,45.38
DSE-297-4253,"Apr 30, 2023",30.00,0.00,24.06,0.00,45.94
DSE-297-4253,"May 31, 2023",30.00,0.00,23.93,0.00,46.07
DSE-298-8861,"Jun 30, 2022",20.00,0.00,58.85,1.95,19.20
DSE-298-8861,"Apr 30, 2023",20.00,0.00,58.66,1.95,19.39
DSE-298-8861,"May 31, 2023",20.00,0.00,58.68,1.95,19.37
DSE-299-4730,"Dec 31, 2022",39.21,0.00,38.09,0.50,22.20
DSE-299-4730,"Apr 30, 2023",39.21,0.00,38.78,0.50,21.51
DSE-299-4730,"May 31, 2023",39.21,0.00,38.80,0.50,21.49
DSE-300-6927,"Dec 31, 2020",59.14,0.00,12.28,0.01,28.57
DSE-300-6927,"Apr 30, 2023",59.14,0.00,7.76,0.01,33.09
DSE-300-6927,"May 31, 2023",59.14,0.00,7.74,0.01,33.11
DSE-301-8070,"Dec 31, 2021",30.45,0.00,19.24,0.00,50.31
DSE-301-8070,"Apr 30, 2023",30.04,0.00,25.27,0.00,44.69
DSE-301-8070,"May 31, 2023",30.04,0.00,25.26,0.00,44.70
DSE-302-9928,"Dec 31, 2021",36.08,0.00,39.70,0.09,24.13
DSE-302-9928,"Apr 30, 2023",34.08,0.00,41.57,0.06,24.29
DSE-302-9928,"May 31, 2023",36.08,0.00,39.87,0.04,24.01
DSE-303-3148,"Jun 30, 2022",50.00,0.00,13.98,0.25,35.77
DSE-303-3148,"Apr 30, 2023",50.00,0.00,4.65,0.25,45.10
DSE-303-3148,"May 31, 2023",50.00,0.00,4.65,0.25,45.10
DSE-304-3117,"Dec 31, 2019",39.49,0.00,18.51,0.00,42.00
DSE-304-3117,"Apr 30, 2023",38.82,0.00,10.75,0.00,50.43
DSE-304-3117,"May 31, 2023",38.82,0.00,10.75,0.00,50.43
DSE-305-3074,"Dec 31, 2021",30.03,0.00,23.48,0.00,46.49
DSE-305-3074,"Apr 30, 2023",30.03,0.00,13.69,0.00,56.28
DSE-305-3074,"May 31, 2023",30.03,0.00,18.68,0.00,51.29
DSE-306-4045,"Jun 30, 2022",60.95,0.00,9.26,4.10,25.69
DSE-306-4045,"Apr 30, 2023",60.95,0.00,9.42,4.38,25.25
DSE-306-4045,"May 31, 2023",60.95,0.00,10.04,4.38,24.63
DSE-307-5826,"Dec 31, 2021",31.50,0.00,26.79,0.22,41.49
DSE-307-5826,"Apr 30, 2023",31.50,0.00,27.77,0.19,40.54
DSE-307-5826,"May 31, 2023",31.50,0.00,27.78,0.19,40.53
DSE-308-5180,"Dec 31, 2021",31.57,0.00,9.54,0.00,58.89
DSE-308-5180,"Apr 30, 2023",31.58,0.00,23.92,0.01,44.49
DSE-308-5180,"May 31, 2023",31.58,0.00,27.45,0.00,40.97
DSE-309-4990,"Jun 30, 2022",30.00,0.00,16.96,0.00,53.04
DSE-309-4990,"Apr 30, 2023",30.00,0.00,13.94,0.00,56.06
DSE-309-4990,"May 31, 2023",30.00,0.00,14.00,0.00,56.00
DSE-310-7742,"Jun 30, 2022",53.23,0.00,14.53,1.57,30.67
DSE-310-7742,"Apr 30, 2023",53.23,0.00,6.83,1.58,38.36
DSE-310-7742,"May 31, 2023",53.23,0.00,7.93,1.58,37.26
DSE-311-9314,"Jun 30, 2022",37.38,0.00,13.19,4.99,44.44
DSE-311-9314,"Apr 30, 2023",37.38,0.00,10.88,4.99,46.75
DSE-311-9314,"May 31, 2023",37.38,0.00,10.88,4.99,46.75
DSE-312-2759,"Jun 30, 2022",70.94,0.00,5.98,0.00,23.08
DSE-312-2759,"Apr 30, 2023",70.94,0.00,7.52,0.00,21.54
DSE-312-2759,"May 31, 2023",70.94,0.00,7.49,0.00,21.57
DSE-313-6515,"Dec 31, 2022",72.08,0.00,16.28,0.00,11.64
DSE-313-6515,"Apr 30, 2023",72.08,0.00,16.30,0.00,11.62
DSE-313-6515,"May 31, 2023",72.08,0.00,16.31,0.00,11.61
DSE-314-6595,"Jun 30, 2022",49.89,0.00,16.62,0.00,33.49
DSE-314-6595,"Apr 30, 2023",49.89,0.00,16.71,0.00,33.40
DSE-314-6595,"May 31, 2023",49.89,0.00,16.72,0.00,33.39
DSE-315-6534,"Jun 30, 2022",36.19,0.00,19.66,0.00,44.15
DSE-315-6534,"Apr 30, 2023",37.51,0.00,17.26,0.00,45.23
DSE-315-6534,"May 31, 2023",37.51,0.00,16.27,0.00,46.22
DSE-316-8993,"Dec 31, 2022",82.96,3.77,4.49,2.82,5.96
DSE-316-8993,"Apr 30, 2023",82.96,3.78,4.52,2.78,5.96
DSE-316-8993,"May 31, 2023",82.96,3.78,4.54,2.78,5.94
DSE-317-3048,"Jun 30, 2021",54.55,0.00,6.00,0.00,39.45
DSE-317-3048,"Jul 31, 2022",54.55,0.00,4.69,0.00,40.76
DSE-317-3048,"May 31, 2023",54.55,0.00,4.61,0.00,40.84
DSE-318-6996,"Jun 30, 2022",20.00,0.00,35.47,0.00,44.53
DSE-318-6996,"Apr 30, 2023",20.00,0.00,36.74,0.00,43.26
DSE-318-6996,"May 31, 2023",20.00,0.00,37.24,0.00,42.76
DSE-319-4558,"Dec 31, 2022",64.24,0.00,1.71,0.00,34.05
DSE-319-4558,"Apr 30, 2023",64.24,0.00,2.46,0.00,33.30
DSE-319-4558,"May 31, 2023",64.24,0.00,2.46,0.00,33.30
DSE-320-3358,"Jun 30, 2022",51.29,0.00,19.39,22.91,6.41
DSE-320-3358,"Apr 30, 2023",51.29,0.00,19.42,22.73,6.56
DSE-320-3358,"May 31, 2023",51.29,0.00,19.43,22.72,6.56
DSE-321-8503,"Jun 30, 2022",0.00,51.00,21.43,0.00,27.57
DSE-321-8503,"Apr 30, 2023",0.00,51.00,21.39,0.00,27.61
DSE-321-8503,"May 31, 2023",0.00,51.00,21.25,0.00,27.75
DSE-322-5617,"Dec 31, 2021",31.67,0.00,17.74,0.00,50.59
DSE-322-5617,"Apr 30, 2023",38.31,0.00,16.95,0.00,44.74
DSE-322-5617,"May 31, 2023",38.31,0.00,17.56,0.00,44.13
DSE-323-6220,"Jun 30, 2019",0.00,0.00,0.00,0.00,0.00
DSE-323-6220,"Mar 31, 2023",21.32,0.00,11.07,6.79,60.82
DSE-323-6220,"Apr 30, 2023",21.32,0.00,11.07,6.79,60.82
DSE-324-4150,"Jun 30, 2022",30.00,0.00,11.03,0.04,58.93
DSE-324-4150,"Apr 30, 2023",30.00,0.00,10.82,0.04,59.14
DSE-324-4150,"May 31, 2023",30.00,0.00,10.83,0.04,59.13
DSE-325-4043,"Dec 31, 2022",90.00,0.00,1.66,0.00,8.34
DSE-325-4043,"Apr 30, 2023",90.00,0.00,1.65,0.00,8.35
DSE-325-4043,"May 31, 2023",90.00,0.00,1.65,0.00,8.35
DSE-326-9226,"Jun 30, 2021",47.03,0.00,18.52,0.00,34.45
DSE-326-9226,"Apr 30, 2023",29.93,0.00,33.63,0.00,36.44
DSE-326-9226,"May 31, 2023",29.93,0.00,35.16,0.00,34.91
DSE-327-5391,"Jun 30, 2022",41.23,0.00,35.56,0.00,23.21
DSE-327-5391,"Apr 30, 2023",41.23,0.00,35.44,0.00,23.33
DSE-327-5391,"May 31, 2023",41.23,0.00,35.45,0.00,23.32
DSE-328-1399,"Dec 31, 2021",0.00,90.19,4.38,0.00,5.43
DSE-328-1399,"Apr 30, 2023",0.00,90.19,4.54,0.00,5.27
DSE-328-1399,"May 31, 2023",0.00,90.19,4.54,0.00,5.27
DSE-329-2680,"Dec 31, 2021",46.25,0.00,10.78,0.00,42.97
DSE-329-2680,"Apr 30, 2023",46.47,0.00,13.52,0.00,40.01
DSE-329-2680,"May 31, 2023",46.47,0.00,13.93,0.00,39.60
DSE-330-5046,"Dec 31, 2021",32.07,0.00,9.63,0.00,58.30
DSE-330-5046,"Mar 31, 2023",32.07,0.00,24.40,0.00,43.53
DSE-330-5046,"Apr 30, 2023",32.07,0.00,26.55,0.00,41.38
DSE-331-4046,"Jun 30, 2022",30.00,0.00,13.71,0.00,56.29
DSE-331-4046,"Apr 30, 2023",30.00,0.00,3.70,0.00,66.30
DSE-331-4046,"May 31, 2023",30.00,0.00,3.40,0.00,66.60
DSE-332-8002,"Jun 30, 2022",40.06,0.00,17.90,0.00,42.04
DSE-332-8002,"Apr 30, 2023",40.06,0.00,17.75,0.00,42.19
DSE-332-8002,"May 31, 2023",40.06,0.00,17.68,0.00,42.26
DSE-333-4247,"Jun 30, 2022",42.40,0.00,14.09,0.00,43.51
DSE-333-4247,"Apr 30, 2023",42.40,0.00,10.78,0.00,46.82
DSE-333-4247,"May 31, 2023",42.40,0.00,10.95,0.00,46.65
DSE-334-7372,"Jun 30, 2022",33.70,0.00,21.04,0.00,45.26
DSE-334-7372,"Apr 30, 2023",34.20,0.00,14.95,0.00,50.85
DSE-334-7372,"May 31, 2023",34.20,0.00,15.53,0.00,50.27
DSE-335-6775,"Jun 30, 2022",53.07,0.00,30.25,0.00,16.68
DSE-335-6775,"Apr 30, 2023",48.50,0.00,34.06,0.00,17.44
DSE-335-6775,"May 31, 2023",48.50,0.00,34.06,0.00,17.44
DSE-336-7559,"Jun 30, 2022",25.18,0.00,13.06,0.00,61.76
DSE-336-7559,"Apr 30, 2023",25.18,0.00,9.75,0.00,65.07
DSE-336-7559,"May 31, 2023",25.18,0.00,9.83,0.00,64.99
DSE-337-1582,"Jun 30, 2022",33.88,0.00,4.24,0.00,61.88
DSE-337-1582,"Apr 30, 2023",33.88,0.00,4.24,0.00,61.88
DSE-337-1582,"May 31, 2023",33.88,0.00,4.22,0.00,61.90
DSE-338-4334,"Jun 30, 2022",45.64,0.00,6.30,0.01,48.05
DSE-338-4334,"Apr 30, 2023",45.64,0.00,11.18,0.01,43.17
DSE-338-4334,"May 31, 2023",45.64,0.00,10.09,0.01,44.26
DSE-339-1139,"Dec 31, 2021",31.45,0.00,10.33,0.00,58.22
DSE-339-1139,"Apr 30, 2023",31.45,0.00,13.96,0.00,54.59
DSE-339-1139,"May 31, 2023",31.45,0.00,18.44,0.00,50.11
DSE-340-1173,"Jun 30, 2022",59.00,0.00,13.82,3.85,23.33
DSE-340-1173,"Apr 30, 2023",59.00,0.00,14.05,3.78,23.17
DSE-340-1173,"May 31, 2023",59.00,0.00,13.92,3.95,23.13
DSE-341-4746,"Jun 30, 2022",50.68,0.00,7.18,0.00,42.14
DSE-341-4746,"Apr 30, 2023",50.68,0.00,7.18,0.00,42.14
DSE-341-4746,"May 31, 2023",50.68,0.00,7.18,0.00,42.14
DSE-342-8782,"Dec 31, 2021",73.48,0.00,11.64,0.00,14.88
DSE-342-8782,"Apr 30, 2023",75.51,0.00,9.31,0.00,15.18
DSE-342-8782,"May 31, 2023",75.51,0.00,9.31,0.00,15.18
DSE-343-9507,"Jun 30, 2022",46.83,0.00,26.64,0.00,26.53
DSE-343-9507,"Apr 30, 2023",46.83,0.00,25.91,0.00,27.26
DSE-343-9507,"May 31, 2023",46.83,0.00,25.24,0.00,27.93
DSE-344-7452,"Jun 30, 2022",14.39,0.00,22.18,0.00,63.43
DSE-344-7452,"Apr 30, 2023",14.39,0.00,17.60,0.00,68.01
DSE-344-7452,"May 31, 2023",14.39,0.00,16.94,0.00,68.67
DSE-345-4642,"Jun 30, 2022",50.00,0.00,25.41,0.00,24.59
DSE-345-4642,"Apr 30, 2023",50.00,0.00,26.10,0.00,23.90
DSE-345-4642,"May 31, 2023",50.00,0.00,26.50,0.00,23.50
DSE-346-4430,"Jun 30, 2022",10.00,0.00,11.36,0.00,78.64
DSE-346-4430,"Apr 30, 2023",10.00,0.00,9.47,0.00,80.53
DSE-346-4430,"May 31, 2023",10.00,0.00,12.70,0.00,77.30
DSE-347-2700,"Dec 31, 2022",48.22,0.00,14.76,0.15,36.87
DSE-347-2700,"Apr 30, 2023",48.22,0.00,14.71,0.15,36.92
DSE-347-2700,"May 31, 2023",48.22,0.00,14.76,0.15,36.87
DSE-348-5778,"Jun 30, 2022",37.56,0.00,21.13,0.17,41.14
DSE-348-5778,"Mar 31, 2023",37.56,0.00,22.67,0.00,39.77
DSE-348-5778,"Apr 30, 2023",37.56,0.00,22.64,0.00,39.80
DSE-349-5102,"Jun 30, 2022",51.48,0.00,23.29,9.44,15.79
DSE-349-5102,"Apr 30, 2023",51.48,0.00,23.28,9.49,15.75
DSE-349-5102,"May 31, 2023",51.48,0.00,23.28,9.49,15.75
DSE-350-8994,"Jun 30, 2019",9.99,0.00,22.80,0.00,67.21
DSE-350-8994,"Apr 30, 2023",12.01,0.00,12.05,0.00,75.94
DSE-350-8994,"May 31, 2023",12.01,0.00,12.00,0.00,75.99
DSE-351-7897,"Jun 30, 2022",0.00,51.00,2.43,0.00,46.57
DSE-351-7897,"Mar 31, 2023",0.00,51.00,2.24,0.00,46.76
DSE-351-7897,"Apr 30, 2023",0.00,51.00,2.25,0.00,46.75
DSE-352-5455,"Dec 31, 2021",32.06,0.00,47.58,1.32,19.04
DSE-352-5455,"Apr 30, 2023",32.06,0.00,48.06,1.18,18.70
DSE-352-5455,"May 31, 2023",32.06,0.00,48.42,1.18,18.34
DSE-353-8113,"Jun 30, 2022",39.12,0.00,8.99,0.00,51.89
DSE-353-8113,"Apr 30, 2023",39.00,0.00,12.18,0.00,48.82
DSE-353-8113,"May 31, 2023",38.99,0.00,12.84,0.00,48.17
DSE-354-8811,"Jun 30, 2022",51.44,0.00,13.69,0.01,34.86
DSE-354-8811,"Apr 30, 2023",50.94,0.00,16.36,0.01,32.69
DSE-354-8811,"May 31, 2023",50.94,0.00,15.52,0.01,33.53
DSE-355-8312,"Jun 30, 2022",30.00,0.00,19.16,0.00,50.84
DSE-355-8312,"Apr 30, 2023",31.65,0.00,15.39,0.00,52.96
DSE-355-8312,"May 31, 2023",31.65,0.00,12.16,0.00,56.19
DSE-356-6434,"Dec 31, 2022",57.00,0.00,24.86,4.52,13.62
DSE-356-6434,"Apr 30, 2023",57.00,0.00,24.88,4.41,13.71
DSE-356-6434,"May 31, 2023",57.00,0.00,24.73,4.41,13.86
DSE-357-7816,"Jun 30, 2022",30.61,0.00,4.72,0.00,64.67
DSE-357-7816,"Apr 30, 2023",30.61,0.00,14.24,0.00,55.15
DSE-357-7816,"May 31, 2023",30.61,0.00,15.52,0.00,53.87
DSE-358-6957,"Dec 31, 2020",0.00,0.00,0.00,0.00,0.00
DSE-359-4404,"Dec 31, 2022",60.00,0.00,6.78,0.00,33.22
DSE-359-4404,"Apr 30, 2023",60.00,0.00,4.54,0.00,35.46
DSE-359-4404,"May 31, 2023",60.00,0.00,6.61,0.00,33.39
DSE-360-8778,"Jun 30, 2022",31.23,0.00,23.49,0.00,45.28
DSE-360-8778,"Apr 30, 2023",31.23,0.00,26.05,0.00,42.72
DSE-360-8778,"May 31, 2023",31.23,0.00,24.91,0.00,43.86
DSE-361-7464,"Jun 30, 2022",50.78,0.00,5.63,0.00,43.59
DSE-361-7464,"Mar 31, 2023",50.78,0.00,5.63,0.00,43.59
DSE-361-7464,"Apr 30, 2023",50.78,0.00,5.63,0.00,43.59
DSE-362-5019,"Dec 31, 2021",54.58,0.00,5.77,0.00,39.65
DSE-362-5019,"Apr 30, 2023",54.85,0.00,5.05,0.00,40.10
DSE-362-5019,"May 31, 2023",54.85,0.00,11.72,0.00,33.43
DSE-363-7497,"Jun 30, 2022",67.51,0.00,10.30,0.00,22.19
DSE-363-7497,"Apr 30, 2023",67.51,0.00,6.45,0.00,26.04
DSE-363-7497,"May 31, 2023",67.51,0.00,5.30,0.00,27.19
DSE-364-5863,"Dec 31, 2021",36.78,0.00,6.82,0.00,56.40
DSE-364-5863,"Apr 30, 2023",39.52,0.00,10.14,0.00,50.34
DSE-364-5863,"May 31, 2023",39.52,0.00,12.21,0.00,48.27
DSE-365-1493,"Jun 30, 2022",44.55,0.00,1.80,0.00,53.65
DSE-365-1493,"Apr 30, 2023",44.55,0.00,1.80,0.00,53.65
DSE-365-1493,"May 31, 2023",44.55,0.00,1.80,0.00,53.65
DSE-366-9336,"Dec 31, 2021",30.42,0.00,38.78,1.27,29.53
DSE-366-9336,"Apr 30, 2023",35.30,0.00,35.43,1.41,27.86
DSE-366-9336,"May 31, 2023",35.30,0.00,36.63,1.41,26.66
DSE-367-7578,"Jun 30, 2022",50.00,0.00,5.04,0.00,44.96
DSE-367-7578,"Apr 30, 2023",50.00,0.00,6.50,0.00,43.50
DSE-367-7578,"May 31, 2023",50.00,0.00,6.80,0.00,43.20
DSE-368-4728,"Jun 30, 2022",60.29,0.00,17.31,0.00,22.40
DSE-368-4728,"Apr 30, 2023",59.21,0.00,16.21,0.00,24.58
DSE-368-4728,"May 31, 2023",59.21,0.00,16.21,0.00,24.58
DSE-369-9526,"Jun 30, 2022",61.83,0.00,22.69,3.09,12.39
DSE-369-9526,"Apr 30, 2023",61.83,0.00,22.40,3.07,12.70
DSE-369-9526,"May 31, 2023",61.83,0.00,22.42,3.07,12.68
DSE-370-6882,"Jun 30, 2022",34.67,0.00,14.85,13.91,36.57
DSE-370-6882,"Apr 30, 2023",34.67,0.00,15.09,13.21,37.03
DSE-370-6882,"May 31, 2023",34.67,0.00,15.21,13.13,36.99
DSE-371-5705,"Jun 30, 2022",31.79,0.00,11.14,0.00,57.07
DSE-371-5705,"Apr 30, 2023",31.79,0.00,11.30,0.00,56.91
DSE-371-5705,"May 31, 2023",31.79,0.00,11.30,0.00,56.91
DSE-372-4317,"Jun 30, 2022",30.50,0.00,3.97,0.00,65.53
DSE-372-4317,"Apr 30, 2023",30.50,0.00,4.57,0.00,64.93
DSE-372-4317,"May 31, 2023",30.50,0.00,4.64,0.00,64.86
DSE-373-4575,"Dec 31, 2021",65.32,0.00,13.52,0.00,21.16
DSE-373-4575,"Apr 30, 2023",64.28,0.00,12.34,0.00,23.38
DSE-373-4575,"May 31, 2023",64.28,0.00,12.34,0.00,23.38
DSE-374-7819,"Dec 31, 2021",38.92,0.00,25.30,0.41,35.37
DSE-374-7819,"Apr 30, 2023",36.19,0.00,28.36,0.38,35.07
DSE-374-7819,"May 31, 2023",36.19,0.00,28.93,0.33,34.55
DSE-375-6960,"Jun 30, 2022",38.81,0.00,4.64,0.00,56.55
DSE-375-6960,"Apr 30, 2023",38.81,0.00,1.35,0.00,59.84
DSE-375-6960,"May 31, 2023",38.81,0.00,1.34,0.00,59.85
DSE-376-1194,"Jun 30, 2022",63.21,0.00,18.77,3.65,14.37
DSE-376-1194,"Apr 30, 2023",63.18,0.00,18.67,3.65,14.50
DSE-376-1194,"May 31, 2023",63.18,0.00,18.67,3.65,14.50
DSE-377-8737,"Dec 31, 2021",40.80,0.00,25.06,0.00,34.14
DSE-377-8737,"Mar 31, 2023",38.29,0.00,16.16,0.00,45.55
DSE-377-8737,"Apr 30, 2023",38.29,0.00,17.67,0.00,44.04
DSE-378-2396,"Dec 31, 2021",52.34,0.00,16.24,0.08,31.34
DSE-378-2396,"May 31, 2022",48.26,0.00,16.72,0.07,34.95
DSE-378-2396,"Jun 30, 2022",48.26,0.00,15.54,0.07,36.13
DSE-379-7606,"Jun 30, 2022",30.00,0.00,20.30,0.16,49.54
DSE-379-7606,"Mar 31, 2023",30.00,0.00,20.30,0.15,49.55
DSE-379-7606,"Apr 30, 2023",30.00,0.00,20.29,0.12,49.59
DSE-380-7507,"Jun 30, 2022",61.23,0.00,0.30,0.00,38.47
DSE-380-7507,"Apr 30, 2023",61.23,0.00,0.28,0.00,38.49
DSE-380-7507,"May 31, 2023",61.23,0.00,1.49,0.00,37.28
DSE-381-4394,"Dec 31, 2021",0.00,0.00,0.00,0.00,0.00
DSE-381-4394,"Apr 30, 2023",51.35,0.00,8.50,0.00,40.15
DSE-382-5729,"Jun 30, 2022",0.00,75.00,15.40,0.47,9.13
DSE-382-5729,"Apr 30, 2023",0.00,75.00,15.00,0.18,9.82
DSE-382-5729,"May 31, 2023",0.00,75.00,15.03,0.18,9.79
DSE-383-3303,"Jun 30, 2022",47.12,0.00,25.41,0.00,27.47
DSE-383-3303,"Apr 30, 2023",45.57,0.00,24.27,0.00,30.16
DSE-383-3303,"May 31, 2023",45.57,0.00,27.41,0.00,27.02
DSE-384-1641,"Jun 30, 2022",1.51,0.00,32.12,0.00,66.37
DSE-384-1641,"Apr 30, 2023",1.51,0.00,32.37,0.00,66.12
DSE-384-1641,"May 31, 2023",1.51,0.00,32.38,0.00,66.11
DSE-385-1790,"Dec 31, 2021",60.00,0.00,16.09,0.16,23.75
DSE-385-1790,"Apr 30, 2023",60.00,0.00,17.39,0.13,22.48
DSE-385-1790,"May 31, 2023",60.00,0.00,17.36,0.13,22.51
DSE-386-1426,"Jun 30, 2022",30.04,0.00,7.46,0.00,62.50
DSE-386-1426,"Apr 30, 2023",30.04,0.00,7.68,0.00,62.28
DSE-386-1426,"May 31, 2023",30.04,0.00,7.79,0.00,62.17
DSE-387-3038,"Dec 31, 2021",34.64,0.81,20.61,0.82,43.12
DSE-387-3038,"Apr 30, 2023",34.64,0.81,21.40,0.73,42.42
DSE-387-3038,"May 31, 2023",34.64,0.81,21.40,0.72,42.43
DSE-388-1085,"Dec 31, 2022",86.96,0.00,8.82,0.29,3.93
DSE-388-1085,"Apr 30, 2023",86.04,0.00,9.42,0.29,4.25
DSE-388-1085,"May 31, 2023",86.04,0.00,9.46,0.29,4.21
DSE-389-7418,"Dec 31, 2021",56.50,0.00,7.65,0.02,35.83
DSE-389-7418,"Apr 30, 2023",56.50,0.00,10.65,0.00,32.85
DSE-389-7418,"May 31, 2023",56.50,0.00,10.68,0.00,32.82
DSE-390-9654,"Dec 31, 2021",35.20,0.00,16.47,0.00,48.33
DSE-390-9654,"Apr 30, 2023",33.00,0.00,21.98,0.00,45.02
DSE-390-9654,"May 31, 2023",33.00,0.00,23.37,0.00,43.63
DSE-391-4237,"Dec 31, 2021",46.54,0.00,8.50,0.00,44.96
DSE-391-4237,"Mar 31, 2023",46.54,0.00,7.24,0.00,46.22
DSE-391-4237,"Apr 30, 2023",46.54,0.00,7.80,0.00,45.66
DSE-392-8385,"Jun 30, 2022",46.03,0.00,26.28,0.54,27.15
DSE-392-8385,"Apr 30, 2023",46.03,0.00,29.82,0.54,23.61
DSE-392-8385,"May 31, 2023",46.03,0.00,28.87,0.62,24.48
DSE-393-6677,"Dec 31, 2022",51.83,0.00,18.98,0.00,29.19
DSE-393-6677,"Apr 30, 2023",51.83,0.00,19.13,0.00,29.04
DSE-393-6677,"May 31, 2023",51.83,0.00,19.14,0.00,29.03
DSE-394-2211,"Dec 31, 2022",48.61,0.00,30.50,0.00,20.89
DSE-394-2211,"Apr 30, 2023",48.61,0.00,30.53,0.00,20.86
DSE-394-2211,"May 31, 2023",48.61,0.00,31.04,0.00,20.35
DSE-395-7626,"Jun 30, 2022",90.00,0.00,7.37,0.03,2.60
DSE-395-7626,"Apr 30, 2023",90.00,0.00,7.36,0.02,2.62
DSE-395-7626,"May 31, 2023",90.00,0.00,7.36,0.02,2.62
DSE-396-8338,"Jun 30, 2022",2.00,51.00,14.10,0.00,32.90
DSE-396-8338,"Apr 30, 2023",2.00,51.00,14.44,0.00,32.56
DSE-396-8338,"May 31, 2023",2.00,51.00,14.62,0.00,32.38
DSE-397-4035,"Dec 31, 2022",30.56,0.00,32.18,0.78,36.48
DSE-397-4035,"Apr 30, 2023",30.56,0.00,32.03,0.72,36.69
DSE-397-4035,"May 31, 2023",30.56,0.00,32.23,0.72,36.49
DSE-398-5788,"Dec 31, 2019",48.34,0.00,34.96,3.91,12.79
DSE-398-5788,"Apr 30, 2023",40.44,0.00,32.53,7.82,19.21
DSE-398-5788,"May 31, 2023",40.44,0.00,32.60,7.82,19.14
DSE-399-7662,"Sep 30, 2022",1.92,0.00,79.12,0.00,18.96
DSE-399-7662,"Apr 30, 2023",1.92,0.00,79.03,0.00,19.05
DSE-399-7662,"May 31, 2023",1.92,0.00,79.19,0.00,18.89
DSE-400-7459,"Dec 31, 2022",25.20,0.00,63.61,0.00,11.19
DSE-400-7459,"Apr 30, 2023",25.20,0.00,63.58,0.00,11.22
DSE-400-7459,"May 31, 2023",25.20,0.00,63.58,0.00,11.22
DSE-401-8847,"Jun 30, 2022",30.77,0.00,12.98,0.29,55.97
DSE-401-8847,"Apr 30, 2023",30.77,0.00,9.02,0.03,60.18
DSE-401-8847,"May 31, 2023",30.77,0.00,9.02,0.03,60.18
DSE-402-8200,"Jun 30, 2022",99.03,0.00,0.37,0.10,0.50
DSE-402-8200,"Apr 30, 2023",99.00,0.00,0.38,0.10,0.52
DSE-402-8200,"May 31, 2023",99.00,0.00,0.38,0.10,0.52
DSE-403-4733,"Jun 30, 2022",36.41,0.00,36.30,0.00,27.29
DSE-403-4733,"Apr 30, 2023",36.41,0.00,36.57,0.00,27.02
DSE-403-4733,"May 31, 2023",36.41,0.00,36.59,0.00,27.00
DSE-404-6330,"Jun 30, 2020",30.01,0.00,16.61,0.00,53.38
DSE-404-6330,"Nov 30, 2022",30.01,0.00,18.20,0.00,51.79
DSE-404-6330,"Apr 30, 2023",30.01,0.00,17.25,0.00,52.74
DSE-405-2347,"Jun 30, 2021",30.52,0.00,14.01,0.00,55.47
DSE-405-2347,"Mar 31, 2023",30.52,0.00,23.42,0.00,46.06
DSE-405-2347,"Apr 30, 2023",30.52,0.00,23.20,0.00,46.28
DSE-406-9071,"Jun 30, 2022",31.10,0.00,31.56,0.00,37.34
DSE-406-9071,"Mar 31, 2023",31.10,0.00,26.86,0.00,42.04
DSE-406-9071,"Apr 30, 2023",31.10,0.00,27.42,0.00,41.48
DSE-407-5122,"Jun 30, 2022",36.94,0.00,22.02,0.00,41.04
DSE-407-5122,"Apr 30, 2023",36.94,0.00,21.75,0.00,41.31
DSE-407-5122,"May 31, 2023",36.94,0.00,21.73,0.00,41.33
DSE-408-1445,"Jun 30, 2022",0.00,51.00,11.28,0.00,37.72
DSE-408-1445,"Mar 31, 2023",0.00,51.00,12.75,0.00,36.25
DSE-408-1445,"Apr 30, 2023",0.00,51.00,13.10,0.00,35.90
DSE-409-9479,"Jun 30, 2022",25.00,0.00,34.50,0.00,40.50
DSE-409-9479,"Apr 30, 2023",25.00,0.00,34.97,0.00,40.03
DSE-409-9479,"May 31, 2023",25.00,0.00,34.94,0.00,40.06
DSE-410-1517,"Dec 31, 2022",2.00,0.00,12.67,0.01,85.32
DSE-410-1517,"Apr 30, 2023",2.00,0.00,12.61,0.01,85.38
DSE-410-1517,"May 31, 2023",2.00,0.00,18.26,0.01,79.73
